Bin_Id,Marker_lineage,#genomes,#markers,#marker_sets,0,1,2,3,4,5+,Completeness,Contamination,Strain_heterogeneity
SAMN10966064.fasta,k__Bacteria(UID203),5449,104,58,0,62,42,0,0,0,100,13.79,100
SAMN14447216.fasta,g__Mycobacterium(UID1816),100,693,300,2,691,0,0,0,0,99.78,0,0
SAMN14447213.fasta,g__Mycobacterium(UID1816),100,693,300,2,691,0,0,0,0,99.78,0,0
SAMN14447212.fasta,g__Mycobacterium(UID1816),100,693,300,2,688,3,0,0,0,99.78,0.36,33.33
SAMN14447211.fasta,g__Mycobacterium(UID1816),100,693,300,2,691,0,0,0,0,99.78,0,0
SAMN14447210.fasta,g__Mycobacterium(UID1816),100,693,300,2,690,1,0,0,0,99.78,0.33,0
SAMN14447207.fasta,g__Mycobacterium(UID1816),100,693,300,2,691,0,0,0,0,99.78,0,0
SAMN14447206.fasta,g__Mycobacterium(UID1816),100,693,300,2,691,0,0,0,0,99.78,0,0
SAMN14447204.fasta,g__Mycobacterium(UID1816),100,693,300,2,691,0,0,0,0,99.78,0,0
SAMN14447203.fasta,g__Mycobacterium(UID1816),100,693,300,2,691,0,0,0,0,99.78,0,0
SAMN14447197.fasta,g__Mycobacterium(UID1816),100,693,300,2,691,0,0,0,0,99.78,0,0
SAMN14447196.fasta,g__Mycobacterium(UID1816),100,693,300,2,691,0,0,0,0,99.78,0,0
SAMN14447194.fasta,g__Mycobacterium(UID1816),100,693,300,2,690,1,0,0,0,99.78,0.11,0
SAMN14447192.fasta,g__Mycobacterium(UID1816),100,693,300,2,691,0,0,0,0,99.78,0,0
SAMN14447190.fasta,g__Mycobacterium(UID1816),100,693,300,2,689,2,0,0,0,99.78,0.22,0
SAMN14336446.fasta,g__Mycobacterium(UID1816),100,693,300,2,689,2,0,0,0,99.78,0.21,0
SAMN14336444.fasta,g__Mycobacterium(UID1816),100,693,300,2,687,4,0,0,0,99.78,0.47,0
SAMN14336436.fasta,g__Mycobacterium(UID1816),100,693,300,2,690,1,0,0,0,99.78,0.17,0
SAMN14336435.fasta,g__Mycobacterium(UID1816),100,693,300,2,689,2,0,0,0,99.78,0.28,0
SAMN14336433.fasta,g__Mycobacterium(UID1816),100,693,300,2,686,5,0,0,0,99.78,0.59,0
SAMN14336429.fasta,g__Mycobacterium(UID1816),100,693,300,2,683,8,0,0,0,99.78,0.76,0
SAMN14336423.fasta,g__Mycobacterium(UID1816),100,693,300,2,691,0,0,0,0,99.78,0,0
SAMN14336419.fasta,g__Mycobacterium(UID1816),100,693,300,2,689,2,0,0,0,99.78,0.5,0
SAMN10966202.fasta,g__Mycobacterium(UID1816),100,693,300,2,687,4,0,0,0,99.78,0.82,25
SAMN10966189.fasta,g__Mycobacterium(UID1816),100,693,300,2,679,12,0,0,0,99.78,1.29,0
SAMN10966187.fasta,g__Mycobacterium(UID1816),100,693,300,2,688,3,0,0,0,99.78,0.28,0
SAMN10966185.fasta,g__Mycobacterium(UID1816),100,693,300,2,681,10,0,0,0,99.78,2.11,0
SAMN10966181.fasta,g__Mycobacterium(UID1816),100,693,300,2,689,2,0,0,0,99.78,0.14,0
SAMN10966174.fasta,g__Mycobacterium(UID1816),100,693,300,2,690,1,0,0,0,99.78,0.33,100
SAMN10966164.fasta,g__Mycobacterium(UID1816),100,693,300,2,687,4,0,0,0,99.78,0.94,75
SAMN10966161.fasta,g__Mycobacterium(UID1816),100,693,300,2,684,7,0,0,0,99.78,0.8,14.29
SAMN10966155.fasta,g__Mycobacterium(UID1816),100,693,300,2,685,6,0,0,0,99.78,1.16,66.67
SAMN10966153.fasta,g__Mycobacterium(UID1816),100,693,300,2,689,2,0,0,0,99.78,0.5,0
SAMN10966150.fasta,g__Mycobacterium(UID1816),100,693,300,2,690,1,0,0,0,99.78,0.08,0
SAMN10966149.fasta,g__Mycobacterium(UID1816),100,693,300,2,691,0,0,0,0,99.78,0,0
SAMN10966148.fasta,g__Mycobacterium(UID1816),100,693,300,2,684,7,0,0,0,99.78,1.22,42.86
SAMN10966147.fasta,g__Mycobacterium(UID1816),100,693,300,2,688,3,0,0,0,99.78,0.61,33.33
SAMN10966144.fasta,g__Mycobacterium(UID1816),100,693,300,2,688,3,0,0,0,99.78,0.44,0
SAMN10966141.fasta,g__Mycobacterium(UID1816),100,693,300,2,690,1,0,0,0,99.78,0.17,100
SAMN10966139.fasta,g__Mycobacterium(UID1816),100,693,300,2,689,2,0,0,0,99.78,0.13,0
SAMN10966137.fasta,g__Mycobacterium(UID1816),100,693,300,2,688,3,0,0,0,99.78,0.42,66.67
SAMN10966135.fasta,g__Mycobacterium(UID1816),100,693,300,2,684,7,0,0,0,99.78,0.6,85.71
SAMN10966134.fasta,g__Mycobacterium(UID1816),100,693,300,2,691,0,0,0,0,99.78,0,0
SAMN10966133.fasta,g__Mycobacterium(UID1816),100,693,300,2,689,2,0,0,0,99.78,0.16,50
SAMN10966131.fasta,g__Mycobacterium(UID1816),100,693,300,2,681,10,0,0,0,99.78,1.61,90
SAMN10966126.fasta,g__Mycobacterium(UID1816),100,693,300,2,690,1,0,0,0,99.78,0.04,0
SAMN10966125.fasta,g__Mycobacterium(UID1816),100,693,300,2,690,1,0,0,0,99.78,0.11,0
SAMN10966123.fasta,g__Mycobacterium(UID1816),100,693,300,2,666,25,0,0,0,99.78,3.28,100
SAMN10966121.fasta,g__Mycobacterium(UID1816),100,693,300,2,691,0,0,0,0,99.78,0,0
SAMN10966118.fasta,g__Mycobacterium(UID1816),100,693,300,2,689,2,0,0,0,99.78,0.67,50
SAMN10966112.fasta,g__Mycobacterium(UID1816),100,693,300,2,684,7,0,0,0,99.78,0.85,0
SAMN10966111.fasta,g__Mycobacterium(UID1816),100,693,300,2,687,4,0,0,0,99.78,0.39,0
SAMN10966106.fasta,g__Mycobacterium(UID1816),100,693,300,2,688,3,0,0,0,99.78,0.39,0
SAMN10966105.fasta,g__Mycobacterium(UID1816),100,693,300,2,689,2,0,0,0,99.78,0.06,0
SAMN10966104.fasta,g__Mycobacterium(UID1816),100,693,300,2,690,1,0,0,0,99.78,0.06,0
SAMN10966103.fasta,g__Mycobacterium(UID1816),100,693,300,2,691,0,0,0,0,99.78,0,0
SAMN10966102.fasta,g__Mycobacterium(UID1816),100,693,300,2,691,0,0,0,0,99.78,0,0
SAMN10966098.fasta,g__Mycobacterium(UID1816),100,693,300,2,667,24,0,0,0,99.78,3.11,87.5
SAMN10966096.fasta,g__Mycobacterium(UID1816),100,693,300,2,689,2,0,0,0,99.78,0.14,0
SAMN10966095.fasta,g__Mycobacterium(UID1816),100,693,300,2,690,1,0,0,0,99.78,0.03,0
SAMN10966092.fasta,g__Mycobacterium(UID1816),100,693,300,2,689,2,0,0,0,99.78,0.67,50
SAMN10966089.fasta,g__Mycobacterium(UID1816),100,693,300,2,659,32,0,0,0,99.78,3.22,87.5
SAMN10966087.fasta,g__Mycobacterium(UID1816),100,693,300,2,691,0,0,0,0,99.78,0,0
SAMN10966085.fasta,g__Mycobacterium(UID1816),100,693,300,2,691,0,0,0,0,99.78,0,0
SAMN10966076.fasta,g__Mycobacterium(UID1816),100,693,300,2,690,1,0,0,0,99.78,0.11,0
SAMN10966075.fasta,g__Mycobacterium(UID1816),100,693,300,2,691,0,0,0,0,99.78,0,0
SAMN10966073.fasta,g__Mycobacterium(UID1816),100,693,300,2,690,1,0,0,0,99.78,0.33,0
SAMN10966070.fasta,g__Mycobacterium(UID1816),100,693,300,2,689,2,0,0,0,99.78,0.28,0
SAMN10966069.fasta,g__Mycobacterium(UID1816),100,693,300,2,690,1,0,0,0,99.78,0.08,0
SAMN10966068.fasta,g__Mycobacterium(UID1816),100,693,300,2,690,1,0,0,0,99.78,0.03,0
SAMN10966066.fasta,g__Mycobacterium(UID1816),100,693,300,2,690,1,0,0,0,99.78,0.17,0
SAMN10966065.fasta,g__Mycobacterium(UID1816),100,693,300,2,683,8,0,0,0,99.78,0.52,0
SAMN10966063.fasta,g__Mycobacterium(UID1816),100,693,300,2,691,0,0,0,0,99.78,0,0
SAMN10966062.fasta,g__Mycobacterium(UID1816),100,693,300,2,690,1,0,0,0,99.78,0.03,0
SAMN10966058.fasta,g__Mycobacterium(UID1816),100,693,300,2,691,0,0,0,0,99.78,0,0
SAMN10966057.fasta,g__Mycobacterium(UID1816),100,693,300,2,690,1,0,0,0,99.78,0.04,0
SAMN10966056.fasta,g__Mycobacterium(UID1816),100,693,300,2,688,3,0,0,0,99.78,0.24,33.33
SAMN10966054.fasta,g__Mycobacterium(UID1816),100,693,300,2,682,9,0,0,0,99.78,1.37,11.11
SAMN10966051.fasta,g__Mycobacterium(UID1816),100,693,300,2,688,3,0,0,0,99.78,0.69,0
SAMN09812470.fasta,g__Mycobacterium(UID1816),100,693,300,2,691,0,0,0,0,99.78,0,0
SAMN09812469.fasta,g__Mycobacterium(UID1816),100,693,300,2,688,2,1,0,0,99.78,1,60
SAMN09812466.fasta,g__Mycobacterium(UID1816),100,693,300,2,691,0,0,0,0,99.78,0,0
SAMN09812463.fasta,g__Mycobacterium(UID1816),100,693,300,2,691,0,0,0,0,99.78,0,0
SAMN09812461.fasta,g__Mycobacterium(UID1816),100,693,300,2,677,14,0,0,0,99.78,1.96,92.86
SAMN09812456.fasta,g__Mycobacterium(UID1816),100,693,300,2,691,0,0,0,0,99.78,0,0
SAMN09812453.fasta,g__Mycobacterium(UID1816),100,693,300,2,691,0,0,0,0,99.78,0,0
SAMN09812451.fasta,g__Mycobacterium(UID1816),100,693,300,2,688,3,0,0,0,99.78,0.33,100
SAMN09812450.fasta,g__Mycobacterium(UID1816),100,693,300,2,691,0,0,0,0,99.78,0,0
SAMN09812447.fasta,g__Mycobacterium(UID1816),100,693,300,2,691,0,0,0,0,99.78,0,0
SAMN09812446.fasta,g__Mycobacterium(UID1816),100,693,300,2,691,0,0,0,0,99.78,0,0
SAMN09812444.fasta,g__Mycobacterium(UID1816),100,693,300,2,691,0,0,0,0,99.78,0,0
SAMN09812443.fasta,g__Mycobacterium(UID1816),100,693,300,2,691,0,0,0,0,99.78,0,0
SAMN09812439.fasta,g__Mycobacterium(UID1816),100,693,300,2,691,0,0,0,0,99.78,0,0
SAMN09812437.fasta,g__Mycobacterium(UID1816),100,693,300,2,688,3,0,0,0,99.78,0.39,100
SAMN09812436.fasta,g__Mycobacterium(UID1816),100,693,300,2,690,1,0,0,0,99.78,0.07,0
SAMN09812435.fasta,g__Mycobacterium(UID1816),100,693,300,2,691,0,0,0,0,99.78,0,0
SAMN09812433.fasta,g__Mycobacterium(UID1816),100,693,300,2,691,0,0,0,0,99.78,0,0
SAMN09812432.fasta,g__Mycobacterium(UID1816),100,693,300,2,691,0,0,0,0,99.78,0,0
SAMN09812427.fasta,g__Mycobacterium(UID1816),100,693,300,2,691,0,0,0,0,99.78,0,0
SAMN09812426.fasta,g__Mycobacterium(UID1816),100,693,300,2,690,1,0,0,0,99.78,0.17,100
SAMN09812424.fasta,g__Mycobacterium(UID1816),100,693,300,2,691,0,0,0,0,99.78,0,0
SAMN09812421.fasta,g__Mycobacterium(UID1816),100,693,300,2,691,0,0,0,0,99.78,0,0
SAMN09812418.fasta,g__Mycobacterium(UID1816),100,693,300,2,690,1,0,0,0,99.78,0.17,100
SAMN09812415.fasta,g__Mycobacterium(UID1816),100,693,300,2,663,28,0,0,0,99.78,2.93,100
SAMN09812414.fasta,g__Mycobacterium(UID1816),100,693,300,2,684,7,0,0,0,99.78,0.67,100
SAMN09812412.fasta,g__Mycobacterium(UID1816),100,693,300,2,691,0,0,0,0,99.78,0,0
SAMN09812410.fasta,g__Mycobacterium(UID1816),100,693,300,2,677,14,0,0,0,99.78,1.67,100
SAMN09812409.fasta,g__Mycobacterium(UID1816),100,693,300,2,691,0,0,0,0,99.78,0,0
SAMN09812407.fasta,g__Mycobacterium(UID1816),100,693,300,2,691,0,0,0,0,99.78,0,0
SAMN09812406.fasta,g__Mycobacterium(UID1816),100,693,300,2,691,0,0,0,0,99.78,0,0
SAMN09812401.fasta,g__Mycobacterium(UID1816),100,693,300,2,691,0,0,0,0,99.78,0,0
SAMN09812400.fasta,g__Mycobacterium(UID1816),100,693,300,2,691,0,0,0,0,99.78,0,0
SAMN09812399.fasta,g__Mycobacterium(UID1816),100,693,300,2,691,0,0,0,0,99.78,0,0
SAMN09812398.fasta,g__Mycobacterium(UID1816),100,693,300,2,691,0,0,0,0,99.78,0,0
SAMN09812396.fasta,g__Mycobacterium(UID1816),100,693,300,2,683,8,0,0,0,99.78,0.79,87.5
SAMN09812393.fasta,g__Mycobacterium(UID1816),100,693,300,2,691,0,0,0,0,99.78,0,0
SAMN09812391.fasta,g__Mycobacterium(UID1816),100,693,300,2,676,15,0,0,0,99.78,1,100
SAMN09812388.fasta,g__Mycobacterium(UID1816),100,693,300,2,691,0,0,0,0,99.78,0,0
SAMN09725837.fasta,g__Mycobacterium(UID1816),100,693,300,2,690,1,0,0,0,99.78,0.33,0
SAMN09725836.fasta,g__Mycobacterium(UID1816),100,693,300,2,691,0,0,0,0,99.78,0,0
SAMN09725833.fasta,g__Mycobacterium(UID1816),100,693,300,2,690,1,0,0,0,99.78,0.08,0
SAMN09725832.fasta,g__Mycobacterium(UID1816),100,693,300,2,691,0,0,0,0,99.78,0,0
SAMN09725831.fasta,g__Mycobacterium(UID1816),100,693,300,2,691,0,0,0,0,99.78,0,0
SAMN09725830.fasta,g__Mycobacterium(UID1816),100,693,300,2,690,0,1,0,0,99.78,0.33,0
SAMN09725829.fasta,g__Mycobacterium(UID1816),100,693,300,2,691,0,0,0,0,99.78,0,0
SAMN09725828.fasta,g__Mycobacterium(UID1816),100,693,300,2,691,0,0,0,0,99.78,0,0
SAMN09725827.fasta,g__Mycobacterium(UID1816),100,693,300,2,690,1,0,0,0,99.78,0.17,0
SAMN09725823.fasta,g__Mycobacterium(UID1816),100,693,300,2,691,0,0,0,0,99.78,0,0
SAMN09725819.fasta,g__Mycobacterium(UID1816),100,693,300,2,690,1,0,0,0,99.78,0.03,0
SAMN09725818.fasta,g__Mycobacterium(UID1816),100,693,300,2,690,1,0,0,0,99.78,0.08,0
SAMN09725817.fasta,g__Mycobacterium(UID1816),100,693,300,2,691,0,0,0,0,99.78,0,0
SAMN09725816.fasta,g__Mycobacterium(UID1816),100,693,300,2,691,0,0,0,0,99.78,0,0
SAMN09725815.fasta,g__Mycobacterium(UID1816),100,693,300,2,691,0,0,0,0,99.78,0,0
SAMN09725814.fasta,g__Mycobacterium(UID1816),100,693,300,2,691,0,0,0,0,99.78,0,0
SAMN09725813.fasta,g__Mycobacterium(UID1816),100,693,300,2,691,0,0,0,0,99.78,0,0
SAMN09725812.fasta,g__Mycobacterium(UID1816),100,693,300,2,688,3,0,0,0,99.78,0.51,0
SAMN09725809.fasta,g__Mycobacterium(UID1816),100,693,300,2,691,0,0,0,0,99.78,0,0
SAMN09725792.fasta,g__Mycobacterium(UID1816),100,693,300,2,691,0,0,0,0,99.78,0,0
SAMN09725791.fasta,g__Mycobacterium(UID1816),100,693,300,2,687,4,0,0,0,99.78,0.41,0
SAMN09725789.fasta,g__Mycobacterium(UID1816),100,693,300,2,690,1,0,0,0,99.78,0.17,0
SAMN09725788.fasta,g__Mycobacterium(UID1816),100,693,300,2,691,0,0,0,0,99.78,0,0
SAMN09725787.fasta,g__Mycobacterium(UID1816),100,693,300,2,688,3,0,0,0,99.78,0.57,33.33
SAMN09725786.fasta,g__Mycobacterium(UID1816),100,693,300,2,688,3,0,0,0,99.78,0.24,0
SAMN09725783.fasta,g__Mycobacterium(UID1816),100,693,300,2,691,0,0,0,0,99.78,0,0
SAMN09725782.fasta,g__Mycobacterium(UID1816),100,693,300,2,691,0,0,0,0,99.78,0,0
SAMN09725773.fasta,g__Mycobacterium(UID1816),100,693,300,2,690,1,0,0,0,99.78,0.06,0
SAMN09725769.fasta,g__Mycobacterium(UID1816),100,693,300,2,691,0,0,0,0,99.78,0,0
SAMN09725764.fasta,g__Mycobacterium(UID1816),100,693,300,2,691,0,0,0,0,99.78,0,0
SAMN09725762.fasta,g__Mycobacterium(UID1816),100,693,300,2,689,2,0,0,0,99.78,0.16,0
SAMN09725761.fasta,g__Mycobacterium(UID1816),100,693,300,2,691,0,0,0,0,99.78,0,0
SAMN09725760.fasta,g__MycobacteriumUID1816),100,693,300,2,691,0,0,0,0,99.78,0,0
SAMN09725757.fasta,g__Mycobacterium(UID1816),100,693,300,2,689,2,0,0,0,99.78,0.28,0
SAMN09725756.fasta,g__Mycobacterium(UID1816),100,693,300,2,691,0,0,0,0,99.78,0,0
SAMN09725754.fasta,g__Mycobacterium(UID1816),100,693,300,2,691,0,0,0,0,99.78,0,0
SAMN09725753.fasta,g__Mycobacterium(UID1816),100,693,300,2,691,0,0,0,0,99.78,0,0
SAMN09725736.fasta,g__Mycobacterium(UID1816),100,693,300,2,691,0,0,0,0,99.78,0,0
SAMN09725727.fasta,g__Mycobacterium(UID1816),100,693,300,2,689,2,0,0,0,99.78,0.18,0
SAMN09725722.fasta,g__Mycobacterium(UID1816),100,693,300,2,691,0,0,0,0,99.78,0,0
SAMN09725719.fasta,g__Mycobacterium(UID1816),100,693,300,2,691,0,0,0,0,99.78,0,0
SAMN09725718.fasta,g__Mycobacterium(UID1816),100,693,300,2,687,4,0,0,0,99.78,0.37,0
SAMN09725717.fasta,g__Mycobacterium(UID1816),100,693,300,2,688,3,0,0,0,99.78,0.47,0
SAMN09725716.fasta,g__Mycobacterium(UID1816),100,693,300,2,691,0,0,0,0,99.78,0,0
SAMN09725699.fasta,g__Mycobacterium(UID1816),100,693,300,2,691,0,0,0,0,99.78,0,0
SAMN09725698.fasta,g__Mycobacterium(UID1816),100,693,300,2,691,0,0,0,0,99.78,0,0
SAMN09725696.fasta,g__Mycobacterium(UID1816),100,693,300,2,690,1,0,0,0,99.78,0.11,0
SAMN09725677.fasta,g__Mycobacterium(UID1816),100,693,300,2,691,0,0,0,0,99.78,0,0
SAMN09725673.fasta,g__Mycobacterium(UID1816),100,693,300,2,690,1,0,0,0,99.78,0.33,0
SAMN09725671.fasta,g__Mycobacterium(UID1816),100,693,300,2,691,0,0,0,0,99.78,0,0
SAMN09725669.fasta,g__Mycobacterium(UID1816),100,693,300,2,691,0,0,0,0,99.78,0,0
SAMN09725668.fasta,g__Mycobacterium(UID1816),100,693,300,2,684,7,0,0,0,99.78,1.07,0
SAMN09725665.fasta,g__Mycobacterium(UID1816),100,693,300,2,691,0,0,0,0,99.78,0,0
SAMN09725661.fasta,g__Mycobacterium(UID1816),100,693,300,2,691,0,0,0,0,99.78,0,0
SAMN09725660.fasta,g__Mycobacterium(UID1816),100,693,300,2,691,0,0,0,0,99.78,0,0
SAMN09725659.fasta,g__Mycobacterium(UID1816),100,693,300,2,691,0,0,0,0,99.78,0,0
SAMN09725658.fasta,g__Mycobacterium(UID1816),100,693,300,2,691,0,0,0,0,99.78,0,0
SAMN09725654.fasta,g__Mycobacterium(UID1816),100,693,300,2,691,0,0,0,0,99.78,0,0
SAMN09725653.fasta,g__Mycobacterium(UID1816),100,693,300,2,691,0,0,0,0,99.78,0,0
SAMN09725649.fasta,g__Mycobacterium(UID1816),100,693,300,2,691,0,0,0,0,99.78,0,0
SAMN09725648.fasta,g__Mycobacterium(UID1816),100,693,300,2,690,1,0,0,0,99.78,0.06,0
SAMN09725647.fasta,g__Mycobacterium(UID1816),100,693,300,2,691,0,0,0,0,99.78,0,0
SAMN09725645.fasta,g__Mycobacterium(UID1816),100,693,300,2,690,1,0,0,0,99.78,0.17,0
SAMN09725644.fasta,g__Mycobacterium(UID1816),100,693,300,2,691,0,0,0,0,99.78,0,0
SAMN09725643.fasta,g__Mycobacterium(UID1816),100,693,300,2,691,0,0,0,0,99.78,0,0
SAMN09725642.fasta,g__Mycobacterium(UID1816),100,693,300,2,666,25,0,0,0,99.78,3.19,0
SAMN09725639.fasta,g__Mycobacterium(UID1816),100,693,300,2,691,0,0,0,0,99.78,0,0
SAMN09725638.fasta,g__Mycobacterium(UID1816),100,693,300,2,691,0,0,0,0,99.78,0,0
SAMN09725637.fasta,g__Mycobacterium(UID1816),100,693,300,2,691,0,0,0,0,99.78,0,0
SAMN09725636.fasta,g__Mycobacterium(UID1816),100,693,300,2,688,3,0,0,0,99.78,0.4,0
SAMN09725635.fasta,g__Mycobacterium(UID1816),100,693,300,2,690,1,0,0,0,99.78,0.08,0
SAMN09725634.fasta,g__Mycobacterium(UID1816),100,693,300,2,688,3,0,0,0,99.78,0.21,0
SAMN09725633.fasta,g__Mycobacterium(UID1816),100,693,300,2,684,7,0,0,0,99.78,0.54,0
SAMN09725632.fasta,g__Mycobacterium(UID1816),100,693,300,2,687,4,0,0,0,99.78,0.7,0
SAMN09725631.fasta,g__Mycobacterium(UID1816),100,693,300,2,689,2,0,0,0,99.78,0.13,0
SAMN09725615.fasta,g__Mycobacterium(UID1816),100,693,300,2,688,3,0,0,0,99.78,0.5,0
SAMN09725611.fasta,g__Mycobacterium(UID1816),100,693,300,2,690,1,0,0,0,99.78,0.33,0
SAMN09725602.fasta,g__Mycobacterium(UID1816),100,693,300,2,691,0,0,0,0,99.78,0,0
SAMN09725598.fasta,g__Mycobacterium(UID1816),100,693,300,2,691,0,0,0,0,99.78,0,0
SAMN09725597.fasta,g__Mycobacterium(UID1816),100,693,300,2,691,0,0,0,0,99.78,0,0
SAMN09725579.fasta,g__Mycobacterium(UID1816),100,693,300,2,691,0,0,0,0,99.78,0,0
SAMN09725574.fasta,g__Mycobacterium(UID1816),100,693,300,2,690,1,0,0,0,99.78,0.03,0
SAMN09725571.fasta,g__Mycobacterium(UID1816),100,693,300,2,691,0,0,0,0,99.78,0,0
SAMN09725560.fasta,g__Mycobacterium(UID1816),100,693,300,2,690,1,0,0,0,99.78,0.07,0
SAMN09725554.fasta,g__Mycobacterium(UID1816),100,693,300,2,690,1,0,0,0,99.78,0.07,0
SAMN09725550.fasta,g__Mycobacterium(UID1816),100,693,300,2,689,2,0,0,0,99.78,0.1,0
SAMN09725537.fasta,g__Mycobacterium(UID1816),100,693,300,2,691,0,0,0,0,99.78,0,0
SAMN09725536.fasta,g__Mycobacterium(UID1816),100,693,300,2,691,0,0,0,0,99.78,0,0
SAMN09725535.fasta,g__Mycobacterium(UID1816),100,693,300,2,691,0,0,0,0,99.78,0,0
SAMN09725534.fasta,g__Mycobacterium(UID1816),100,693,300,2,690,1,0,0,0,99.78,0.17,0
SAMN09725533.fasta,g__Mycobacterium(UID1816),100,693,300,2,689,2,0,0,0,99.78,0.13,100
SAMN09725528.fasta,g__Mycobacterium(UID1816),100,693,300,2,691,0,0,0,0,99.78,0,0
SAMN09725527.fasta,g__Mycobacterium(UID1816),100,693,300,2,691,0,0,0,0,99.78,0,0
SAMN09725524.fasta,g__Mycobacterium(UID1816),100,693,300,2,690,1,0,0,0,99.78,0.17,0
SAMN09725510.fasta,g__Mycobacterium(UID1816),100,693,300,2,691,0,0,0,0,99.78,0,0
SAMN09725509.fasta,g__Mycobacterium(UID1816),100,693,300,2,691,0,0,0,0,99.78,0,0
SAMN09725508.fasta,g__Mycobacterium(UID1816),100,693,300,2,691,0,0,0,0,99.78,0,0
SAMN09725506.fasta,g__Mycobacterium(UID1816),100,693,300,2,691,0,0,0,0,99.78,0,0
SAMN09725503.fasta,g__Mycobacterium(UID1816),100,693,300,2,691,0,0,0,0,99.78,0,0
SAMN09725502.fasta,g__Mycobacterium(UID1816),100,693,300,2,691,0,0,0,0,99.78,0,0
SAMN09725497.fasta,g__Mycobacterium(UID1816),100,693,300,2,689,2,0,0,0,99.78,0.39,0
SAMN09725479.fasta,g__Mycobacterium(UID1816),100,693,300,2,689,2,0,0,0,99.78,0.2,0
SAMN09725477.fasta,g__Mycobacterium(UID1816),100,693,300,2,683,8,0,0,0,99.78,1.59,0
SAMN09725474.fasta,g__Mycobacterium(UID1816),100,693,300,2,691,0,0,0,0,99.78,0,0
SAMN09725473.fasta,g__Mycobacterium(UID1816),100,693,300,2,691,0,0,0,0,99.78,0,0
SAMN09725468.fasta,g__Mycobacterium(UID1816),100,693,300,2,691,0,0,0,0,99.78,0,0
SAMN09725459.fasta,g__Mycobacterium(UID1816),100,693,300,2,688,3,0,0,0,99.78,0.48,0
SAMN09725436.fasta,g__Mycobacterium(UID1816),100,693,300,2,688,3,0,0,0,99.78,0.61,0
SAMN09725434.fasta,g__Mycobacterium(UID1816),100,693,300,2,690,1,0,0,0,99.78,0.33,0
SAMN09725429.fasta,g__Mycobacterium(UID1816),100,693,300,2,688,3,0,0,0,99.78,0.4,0
SAMN09725428.fasta,g__Mycobacterium(UID1816),100,693,300,2,691,0,0,0,0,99.78,0,0
SAMN09725427.fasta,g__Mycobacterium(UID1816),100,693,300,2,691,0,0,0,0,99.78,0,0
SAMN09725426.fasta,g__Mycobacterium(UID1816),100,693,300,2,691,0,0,0,0,99.78,0,0
SAMN09725425.fasta,g__Mycobacterium(UID1816),100,693,300,2,691,0,0,0,0,99.78,0,0
SAMN09725409.fasta,g__Mycobacterium(UID1816),100,693,300,2,691,0,0,0,0,99.78,0,0
SAMN09725408.fasta,g__Mycobacterium(UID1816),100,693,300,2,686,5,0,0,0,99.78,0.64,0
SAMN09725400.fasta,g__Mycobacterium(UID1816),100,693,300,2,690,1,0,0,0,99.78,0.11,0
SAMN09725399.fasta,g__Mycobacterium(UID1816),100,693,300,2,688,3,0,0,0,99.78,0.56,0
SAMN09725397.fasta,g__Mycobacterium(UID1816),100,693,300,2,691,0,0,0,0,99.78,0,0
SAMN09725394.fasta,g__Mycobacterium(UID1816),100,693,300,2,690,1,0,0,0,99.78,0.04,0
SAMN09725393.fasta,g__Mycobacterium(UID1816),100,693,300,2,689,2,0,0,0,99.78,0.44,0
SAMN09725392.fasta,g__Mycobacterium(UID1816),100,693,300,2,691,0,0,0,0,99.78,0,0
SAMN09725391.fasta,g__Mycobacterium(UID1816),100,693,300,2,691,0,0,0,0,99.78,0,0
SAMN09725389.fasta,g__Mycobacterium(UID1816),100,693,300,2,691,0,0,0,0,99.78,0,0
SAMN09725387.fasta,g__Mycobacterium(UID1816),100,693,300,2,691,0,0,0,0,99.78,0,0
SAMN09725382.fasta,g__Mycobacterium(UID1816),100,693,300,2,691,0,0,0,0,99.78,0,0
SAMN09725377.fasta,g__Mycobacterium(UID1816),100,693,300,2,691,0,0,0,0,99.78,0,0
SAMN09725373.fasta,g__Mycobacterium(UID1816),100,693,300,2,691,0,0,0,0,99.78,0,0
SAMN09725358.fasta,g__Mycobacterium(UID1816),100,693,300,2,691,0,0,0,0,99.78,0,0
SAMN09725357.fasta,g__Mycobacterium(UID1816),100,693,300,2,691,0,0,0,0,99.78,0,0
SAMN09725354.fasta,g__Mycobacterium(UID1816),100,693,300,2,690,1,0,0,0,99.78,0.33,0
SAMN09725352.fasta,g__Mycobacterium(UID1816),100,693,300,2,691,0,0,0,0,99.78,0,0
SAMN09725349.fasta,g__Mycobacterium(UID1816),100,693,300,2,691,0,0,0,0,99.78,0,0
SAMN08321046.fasta,g__Mycobacterium(UID1816),100,693,300,2,691,0,0,0,0,99.78,0,0
SAMN08321034.fasta,g__Mycobacterium(UID1816),100,693,300,2,690,1,0,0,0,99.78,0.17,100
SAMN08321029.fasta,g__Mycobacterium(UID1816),100,693,300,2,691,0,0,0,0,99.78,0,0
SAMN06856070.fasta,g__Mycobacterium(UID1816),100,693,300,2,691,0,0,0,0,99.78,0,0
SAMN06856069.fasta,g__Mycobacterium(UID1816),100,693,300,2,691,0,0,0,0,99.78,0,0
SAMN06856068.fasta,g__Mycobacterium(UID1816),100,693,300,2,690,1,0,0,0,99.78,0.08,0
SAMN06856067.fasta,g__Mycobacterium(UID1816),100,693,300,2,691,0,0,0,0,99.78,0,0
SAMN06856066.fasta,g__Mycobacterium(UID1816),100,693,300,2,691,0,0,0,0,99.78,0,0
SAMN06856058.fasta,g__Mycobacterium(UID1816),100,693,300,2,690,1,0,0,0,99.78,0.33,0
SAMN06856055.fasta,g__Mycobacterium(UID1816),100,693,300,2,691,0,0,0,0,99.78,0,0
SAMN06856054.fasta,g__Mycobacterium(UID1816),100,693,300,2,691,0,0,0,0,99.78,0,0
SAMN06856053.fasta,g__Mycobacterium(UID1816),100,693,300,2,691,0,0,0,0,99.78,0,0
SAMN06856051.fasta,g__Mycobacterium(UID1816),100,693,300,2,689,2,0,0,0,99.78,0.67,0
SAMN06856050.fasta,g__Mycobacterium(UID1816),100,693,300,2,690,1,0,0,0,99.78,0.08,0
SAMN06856049.fasta,g__Mycobacterium(UID1816),100,693,300,2,690,1,0,0,0,99.78,0.33,0
SAMN06856048.fasta,g__Mycobacterium(UID1816),100,693,300,2,691,0,0,0,0,99.78,0,0
SAMN06856046.fasta,g__Mycobacterium(UID1816),100,693,300,2,690,1,0,0,0,99.78,0.17,0
SAMN06856045.fasta,g__Mycobacterium(UID1816),100,693,300,2,691,0,0,0,0,99.78,0,0
SAMN06856042.fasta,g__Mycobacterium(UID1816),100,693,300,2,691,0,0,0,0,99.78,0,0
SAMN06856041.fasta,g__Mycobacterium(UID1816),100,693,300,2,691,0,0,0,0,99.78,0,0
SAMN06856040.fasta,g__Mycobacterium(UID1816),100,693,300,2,691,0,0,0,0,99.78,0,0
SAMN06856039.fasta,g__Mycobacterium(UID1816),100,693,300,2,691,0,0,0,0,99.78,0,0
SAMN06856038.fasta,g__Mycobacterium(UID1816),100,693,300,2,691,0,0,0,0,99.78,0,0
SAMN06856037.fasta,g__Mycobacterium(UID1816),100,693,300,2,687,4,0,0,0,99.78,0.21,0
SAMN06856035.fasta,g__Mycobacterium(UID1816),100,693,300,2,691,0,0,0,0,99.78,0,0
SAMN06856034.fasta,g__Mycobacterium(UID1816),100,693,300,2,690,1,0,0,0,99.78,0.17,0
SAMN06856033.fasta,g__Mycobacterium(UID1816),100,693,300,2,691,0,0,0,0,99.78,0,0
SAMN06856032.fasta,g__Mycobacterium(UID1816),100,693,300,2,691,0,0,0,0,99.78,0,0
SAMN06856031.fasta,g__Mycobacterium(UID1816),100,693,300,2,689,2,0,0,0,99.78,0.42,0
SAMN06856030.fasta,g__Mycobacterium(UID1816),100,693,300,2,691,0,0,0,0,99.78,0,0
SAMN06856027.fasta,g__Mycobacterium(UID1816),100,693,300,2,691,0,0,0,0,99.78,0,0
SAMN06856026.fasta,g__Mycobacterium(UID1816),100,693,300,2,691,0,0,0,0,99.78,0,0
SAMN06856025.fasta,g__Mycobacterium(UID1816),100,693,300,2,690,1,0,0,0,99.78,0.17,0
SAMN06856021.fasta,g__Mycobacterium(UID1816),100,693,300,2,691,0,0,0,0,99.78,0,0
SAMN06856019.fasta,g__Mycobacterium(UID1816),100,693,300,2,691,0,0,0,0,99.78,0,0
SAMN06856018.fasta,g__Mycobacterium(UID1816),100,693,300,2,691,0,0,0,0,99.78,0,0
SAMN06856017.fasta,g__Mycobacterium(UID1816),100,693,300,2,691,0,0,0,0,99.78,0,0
SAMN06856016.fasta,g__Mycobacterium(UID1816),100,693,300,2,691,0,0,0,0,99.78,0,0
SAMN06856015.fasta,g__Mycobacterium(UID1816),100,693,300,2,690,1,0,0,0,99.78,0.11,0
SAMN06856014.fasta,g__Mycobacterium(UID1816),100,693,300,2,691,0,0,0,0,99.78,0,0
SAMN06856013.fasta,g__Mycobacterium(UID1816),100,693,300,2,691,0,0,0,0,99.78,0,0
SAMN06856011.fasta,g__Mycobacterium(UID1816),100,693,300,2,691,0,0,0,0,99.78,0,0
SAMN06856008.fasta,g__Mycobacterium(UID1816),100,693,300,2,691,0,0,0,0,99.78,0,0
SAMN06856007.fasta,g__Mycobacterium(UID1816),100,693,300,2,691,0,0,0,0,99.78,0,0
SAMN06856006.fasta,g__Mycobacterium(UID1816),100,693,300,2,691,0,0,0,0,99.78,0,0
SAMN06856005.fasta,g__Mycobacterium(UID1816),100,693,300,2,691,0,0,0,0,99.78,0,0
SAMN06856004.fasta,g__Mycobacterium(UID1816),100,693,300,2,689,2,0,0,0,99.78,0.33,100
SAMN06856002.fasta,g__Mycobacterium(UID1816),100,693,300,2,691,0,0,0,0,99.78,0,0
SAMN06856001.fasta,g__Mycobacterium(UID1816),100,693,300,2,690,1,0,0,0,99.78,0.07,100
SAMN06855999.fasta,g__Mycobacterium(UID1816),100,693,300,2,691,0,0,0,0,99.78,0,0
SAMN06855998.fasta,g__Mycobacterium(UID1816),100,693,300,2,691,0,0,0,0,99.78,0,0
SAMN06855997.fasta,g__Mycobacterium(UID1816),100,693,300,2,691,0,0,0,0,99.78,0,0
SAMN06855996.fasta,g__Mycobacterium(UID1816),100,693,300,2,691,0,0,0,0,99.78,0,0
SAMN06855995.fasta,g__Mycobacterium(UID1816),100,693,300,2,688,3,0,0,0,99.78,0.5,0
SAMN06855994.fasta,g__Mycobacterium(UID1816),100,693,300,2,690,1,0,0,0,99.78,0.11,0
SAMN06855993.fasta,g__Mycobacterium(UID1816),100,693,300,2,691,0,0,0,0,99.78,0,0
SAMN06855992.fasta,g__Mycobacterium(UID1816),100,693,300,2,691,0,0,0,0,99.78,0,0
SAMN06855991.fasta,g__Mycobacterium(UID1816),100,693,300,2,689,2,0,0,0,99.78,0.22,0
SAMN06855990.fasta,g__Mycobacterium(UID1816),100,693,300,2,691,0,0,0,0,99.78,0,0
SAMN06855989.fasta,g__Mycobacterium(UID1816),100,693,300,2,691,0,0,0,0,99.78,0,0
SAMN06855988.fasta,g__Mycobacterium(UID1816),100,693,300,2,690,1,0,0,0,99.78,0.06,0
SAMN06855987.fasta,g__Mycobacterium(UID1816),100,693,300,2,690,1,0,0,0,99.78,0.33,100
SAMN06855985.fasta,g__Mycobacterium(UID1816),100,693,300,2,691,0,0,0,0,99.78,0,0
SAMN06855981.fasta,g__Mycobacterium(UID1816),100,693,300,2,690,1,0,0,0,99.78,0.17,0
SAMN06855980.fasta,g__Mycobacterium(UID1816),100,693,300,2,691,0,0,0,0,99.78,0,0
SAMN06855979.fasta,g__Mycobacterium(UID1816),100,693,300,2,691,0,0,0,0,99.78,0,0
SAMN06855978.fasta,g__Mycobacterium(UID1816),100,693,300,2,691,0,0,0,0,99.78,0,0
SAMN06855977.fasta,g__Mycobacterium(UID1816),100,693,300,2,690,1,0,0,0,99.78,0.06,0
SAMN06855975.fasta,g__Mycobacterium(UID1816),100,693,300,2,690,1,0,0,0,99.78,0.17,0
SAMN06855973.fasta,g__Mycobacterium(UID1816),100,693,300,2,691,0,0,0,0,99.78,0,0
SAMN06855971.fasta,g__Mycobacterium(UID1816),100,693,300,2,691,0,0,0,0,99.78,0,0
SAMN06855970.fasta,g__Mycobacterium(UID1816),100,693,300,2,691,0,0,0,0,99.78,0,0
SAMN06855969.fasta,g__Mycobacterium(UID1816),100,693,300,2,691,0,0,0,0,99.78,0,0
SAMN06855968.fasta,g__Mycobacterium(UID1816),100,693,300,2,691,0,0,0,0,99.78,0,0
SAMN06855967.fasta,g__Mycobacterium(UID1816),100,693,300,2,690,1,0,0,0,99.78,0.17,0
SAMN06855966.fasta,g__Mycobacterium(UID1816),100,693,300,2,691,0,0,0,0,99.78,0,0
SAMN06855965.fasta,g__Mycobacterium(UID1816),100,693,300,2,691,0,0,0,0,99.78,0,0
SAMN06855964.fasta,g__Mycobacterium(UID1816),100,693,300,2,690,1,0,0,0,99.78,0.07,0
SAMN06855963.fasta,g__Mycobacterium(UID1816),100,693,300,2,690,1,0,0,0,99.78,0.08,0
SAMN06855962.fasta,g__Mycobacterium(UID1816),100,693,300,2,690,1,0,0,0,99.78,0.11,0
SAMN06855961.fasta,g__Mycobacterium(UID1816),100,693,300,2,691,0,0,0,0,99.78,0,0
SAMN06855960.fasta,g__Mycobacterium(UID1816),100,693,300,2,691,0,0,0,0,99.78,0,0
SAMN06855959.fasta,g__Mycobacterium(UID1816),100,693,300,2,691,0,0,0,0,99.78,0,0
SAMN06855958.fasta,g__Mycobacterium(UID1816),100,693,300,2,691,0,0,0,0,99.78,0,0
SAMN06855956.fasta,g__Mycobacterium(UID1816),100,693,300,2,690,1,0,0,0,99.78,0.08,0
SAMN06855955.fasta,g__Mycobacterium(UID1816),100,693,300,2,690,1,0,0,0,99.78,0.33,0
SAMN06855953.fasta,g__Mycobacterium(UID1816),100,693,300,2,687,4,0,0,0,99.78,0.38,0
SAMN06855952.fasta,g__Mycobacterium(UID1816),100,693,300,2,691,0,0,0,0,99.78,0,0
SAMN06855951.fasta,g__Mycobacterium(UID1816),100,693,300,2,690,1,0,0,0,99.78,0.06,0
SAMN06855950.fasta,g__Mycobacterium(UID1816),100,693,300,2,691,0,0,0,0,99.78,0,0
SAMN06855949.fasta,g__Mycobacterium(UID1816),100,693,300,2,691,0,0,0,0,99.78,0,0
SAMN06855948.fasta,g__Mycobacterium(UID1816),100,693,300,2,691,0,0,0,0,99.78,0,0
SAMN06855946.fasta,g__Mycobacterium(UID1816),100,693,300,2,691,0,0,0,0,99.78,0,0
SAMN06855945.fasta,g__Mycobacterium(UID1816),100,693,300,2,691,0,0,0,0,99.78,0,0
SAMN06855942.fasta,g__Mycobacterium(UID1816),100,693,300,2,690,1,0,0,0,99.78,0.03,0
SAMN06855941.fasta,g__Mycobacterium(UID1816),100,693,300,2,691,0,0,0,0,99.78,0,0
SAMN06855940.fasta,g__Mycobacterium(UID1816),100,693,300,2,690,1,0,0,0,99.78,0.33,0
SAMN06855938.fasta,g__Mycobacterium(UID1816),100,693,300,2,691,0,0,0,0,99.78,0,0
SAMN06855937.fasta,g__Mycobacterium(UID1816),100,693,300,2,691,0,0,0,0,99.78,0,0
SAMN06855935.fasta,g__Mycobacterium(UID1816),100,693,300,2,691,0,0,0,0,99.78,0,0
SAMN06855932.fasta,g__Mycobacterium(UID1816),100,693,300,2,691,0,0,0,0,99.78,0,0
SAMN06855931.fasta,g__Mycobacterium(UID1816),100,693,300,2,691,0,0,0,0,99.78,0,0
SAMN06855929.fasta,g__Mycobacterium(UID1816),100,693,300,2,690,1,0,0,0,99.78,0.04,0
SAMN06855927.fasta,g__Mycobacterium(UID1816),100,693,300,2,690,1,0,0,0,99.78,0.04,0
SAMN06855926.fasta,g__Mycobacterium(UID1816),100,693,300,2,691,0,0,0,0,99.78,0,0
SAMN06855925.fasta,g__Mycobacterium(UID1816),100,693,300,2,691,0,0,0,0,99.78,0,0
SAMN06855923.fasta,g__Mycobacterium(UID1816),100,693,300,2,691,0,0,0,0,99.78,0,0
SAMN06855922.fasta,g__Mycobacterium(UID1816),100,693,300,2,691,0,0,0,0,99.78,0,0
SAMN06855921.fasta,g__Mycobacterium(UID1816),100,693,300,2,691,0,0,0,0,99.78,0,0
SAMN06855920.fasta,g__Mycobacterium(UID1816),100,693,300,2,691,0,0,0,0,99.78,0,0
SAMN06855919.fasta,g__Mycobacterium(UID1816),100,693,300,2,689,2,0,0,0,99.78,0.44,0
SAMN06855918.fasta,g__Mycobacterium(UID1816),100,693,300,2,691,0,0,0,0,99.78,0,0
SAMN06855916.fasta,g__Mycobacterium(UID1816),100,693,300,2,691,0,0,0,0,99.78,0,0
SAMN06628112.fasta,g__Mycobacterium(UID1816),100,693,300,2,691,0,0,0,0,99.78,0,0
SAMN06627997.fasta,g__Mycobacterium(UID1816),100,693,300,2,691,0,0,0,0,99.78,0,0
SAMN06252322.fasta,g__Mycobacterium(UID1816),100,693,300,2,691,0,0,0,0,99.78,0,0
SAMN06252318.fasta,g__Mycobacterium(UID1816),100,693,300,2,691,0,0,0,0,99.78,0,0
SAMN06252312.fasta,g__Mycobacterium(UID1816),100,693,300,2,691,0,0,0,0,99.78,0,0
SAMN06252254.fasta,g__Mycobacterium(UID1816),100,693,300,2,691,0,0,0,0,99.78,0,0
SAMN06252232.fasta,g__Mycobacterium(UID1816),100,693,300,2,691,0,0,0,0,99.78,0,0
SAMN06252203.fasta,g__Mycobacterium(UID1816),100,693,300,2,691,0,0,0,0,99.78,0,0
SAMN06252202.fasta,g__Mycobacterium(UID1816),100,693,300,2,688,3,0,0,0,99.78,0.27,0
SAMN06252179.fasta,g__Mycobacterium(UID1816),100,693,300,2,691,0,0,0,0,99.78,0,0
SAMN06252172.fasta,g__Mycobacterium(UID1816),100,693,300,2,691,0,0,0,0,99.78,0,0
SAMN06252151.fasta,g__Mycobacterium(UID1816),100,693,300,2,689,2,0,0,0,99.78,0.5,0
SAMN06252084.fasta,g__Mycobacterium(UID1816),100,693,300,2,691,0,0,0,0,99.78,0,0
SAMN04386751.fasta,g__Mycobacterium(UID1816),100,693,300,2,690,1,0,0,0,99.78,0.17,0
SAMN04386750.fasta,g__Mycobacterium(UID1816),100,693,300,2,689,2,0,0,0,99.78,0.23,0
SAMN04386749.fasta,g__Mycobacterium(UID1816),100,693,300,2,691,0,0,0,0,99.78,0,0
SAMN04386748.fasta,g__Mycobacterium(UID1816),100,693,300,2,691,0,0,0,0,99.78,0,0
SAMN04386746.fasta,g__Mycobacterium(UID1816),100,693,300,2,691,0,0,0,0,99.78,0,0
SAMN04386745.fasta,g__Mycobacterium(UID1816),100,693,300,2,690,1,0,0,0,99.78,0.17,0
SAMN04386744.fasta,g__Mycobacterium(UID1816),100,693,300,2,691,0,0,0,0,99.78,0,0
SAMN04386743.fasta,g__Mycobacterium(UID1816),100,693,300,2,691,0,0,0,0,99.78,0,0
SAMN04386742.fasta,g__Mycobacterium(UID1816),100,693,300,2,689,2,0,0,0,99.78,0.25,0
SAMN04386741.fasta,g__Mycobacterium(UID1816),100,693,300,2,691,0,0,0,0,99.78,0,0
SAMN04386740.fasta,g__Mycobacterium(UID1816),100,693,300,2,690,1,0,0,0,99.78,0.07,0
SAMN04386739.fasta,g__Mycobacterium(UID1816),100,693,300,2,691,0,0,0,0,99.78,0,0
SAMN04386736.fasta,g__Mycobacterium(UID1816),100,693,300,2,691,0,0,0,0,99.78,0,0
SAMN04386734.fasta,g__Mycobacterium(UID1816),100,693,300,2,691,0,0,0,0,99.78,0,0
SAMN04386733.fasta,g__Mycobacterium(UID1816),100,693,300,2,691,0,0,0,0,99.78,0,0
SAMN04386732.fasta,g__Mycobacterium(UID1816),100,693,300,2,691,0,0,0,0,99.78,0,0
SAMN03300868.fasta,g__Mycobacterium(UID1816),100,693,300,2,690,1,0,0,0,99.78,0.07,0
SAMN03300867.fasta,g__Mycobacterium(UID1816),100,693,300,2,691,0,0,0,0,99.78,0,0
SAMN03300866.fasta,g__Mycobacterium(UID1816),100,693,300,2,691,0,0,0,0,99.78,0,0
SAMN03300865.fasta,g__Mycobacterium(UID1816),100,693,300,2,691,0,0,0,0,99.78,0,0
SAMN03300861.fasta,g__Mycobacterium(UID1816),100,693,300,2,691,0,0,0,0,99.78,0,0
SAMN03300859.fasta,g__Mycobacterium(UID1816),100,693,300,2,691,0,0,0,0,99.78,0,0
SAMN03300852.fasta,g__Mycobacterium(UID1816),100,693,300,2,691,0,0,0,0,99.78,0,0
SAMN03300849.fasta,g__Mycobacterium(UID1816),100,693,300,2,691,0,0,0,0,99.78,0,0
SAMN03300848.fasta,g__Mycobacterium(UID1816),100,693,300,2,691,0,0,0,0,99.78,0,0
SAMN03300843.fasta,g__Mycobacterium(UID1816),100,693,300,2,691,0,0,0,0,99.78,0,0
SAMN03300835.fasta,g__Mycobacterium(UID1816),100,693,300,2,685,6,0,0,0,99.78,0.62,0
SAMN03300829.fasta,g__Mycobacterium(UID1816),100,693,300,2,686,5,0,0,0,99.78,0.64,20
SAMN03300828.fasta,g__Mycobacterium(UID1816),100,693,300,2,691,0,0,0,0,99.78,0,0
SAMN03300827.fasta,g__Mycobacterium(UID1816),100,693,300,2,689,2,0,0,0,99.78,0.07,0
SAMN03300826.fasta,g__Mycobacterium(UID1816),100,693,300,2,691,0,0,0,0,99.78,0,0
SAMN03300825.fasta,g__Mycobacterium(UID1816),100,693,300,2,691,0,0,0,0,99.78,0,0
SAMN03300823.fasta,g__Mycobacterium(UID1816),100,693,300,2,690,1,0,0,0,99.78,0.11,100
SAMN03300822.fasta,g__Mycobacterium(UID1816),100,693,300,2,691,0,0,0,0,99.78,0,0
SAMN03300816.fasta,g__Mycobacterium(UID1816),100,693,300,2,691,0,0,0,0,99.78,0,0
SAMN03300814.fasta,g__Mycobacterium(UID1816),100,693,300,2,690,1,0,0,0,99.78,0.04,0
SAMN03300813.fasta,g__Mycobacterium(UID1816),100,693,300,2,688,3,0,0,0,99.78,0.78,100
SAMN03300808.fasta,g__Mycobacterium(UID1816),100,693,300,2,691,0,0,0,0,99.78,0,0
SAMN03300807.fasta,g__Mycobacterium(UID1816),100,693,300,2,690,1,0,0,0,99.78,0.11,100
SAMN03300805.fasta,g__Mycobacterium(UID1816),100,693,300,2,689,2,0,0,0,99.78,0.1,0
SAMN03300802.fasta,g__Mycobacterium(UID1816),100,693,300,2,690,1,0,0,0,99.78,0.17,100
SAMN03300801.fasta,g__Mycobacterium(UID1816),100,693,300,2,691,0,0,0,0,99.78,0,0
SAMN03300800.fasta,g__Mycobacterium(UID1816),100,693,300,2,691,0,0,0,0,99.78,0,0
SAMN03300799.fasta,g__Mycobacterium(UID1816),100,693,300,2,690,1,0,0,0,99.78,0.17,100
SAMN03300798.fasta,g__Mycobacterium(UID1816),100,693,300,2,691,0,0,0,0,99.78,0,0
SAMN03300797.fasta,g__Mycobacterium(UID1816),100,693,300,2,691,0,0,0,0,99.78,0,0
SAMN03300796.fasta,g__Mycobacterium(UID1816),100,693,300,2,691,0,0,0,0,99.78,0,0
SAMN03300794.fasta,g__Mycobacterium(UID1816),100,693,300,2,691,0,0,0,0,99.78,0,0
SAMN03300791.fasta,g__Mycobacterium(UID1816),100,693,300,2,691,0,0,0,0,99.78,0,0
SAMN03300787.fasta,g__Mycobacterium(UID1816),100,693,300,2,689,2,0,0,0,99.78,0.25,0
SAMN03300780.fasta,g__Mycobacterium(UID1816),100,693,300,2,690,1,0,0,0,99.78,0.33,0
SAMN03300777.fasta,g__Mycobacterium(UID1816),100,693,300,2,691,0,0,0,0,99.78,0,0
SAMN03300776.fasta,g__Mycobacterium(UID1816),100,693,300,2,691,0,0,0,0,99.78,0,0
SAMN03300774.fasta,g__Mycobacterium(UID1816),100,693,300,2,691,0,0,0,0,99.78,0,0
SAMN03300773.fasta,g__Mycobacterium(UID1816),100,693,300,2,691,0,0,0,0,99.78,0,0
SAMN03300771.fasta,g__Mycobacterium(UID1816),100,693,300,2,691,0,0,0,0,99.78,0,0
SAMN03300770.fasta,g__Mycobacterium(UID1816),100,693,300,2,691,0,0,0,0,99.78,0,0
SAMN03300769.fasta,g__Mycobacterium(UID1816),100,693,300,2,691,0,0,0,0,99.78,0,0
SAMN03300768.fasta,g__Mycobacterium(UID1816),100,693,300,2,690,1,0,0,0,99.78,0.33,0
SAMN03300767.fasta,g__Mycobacterium(UID1816),100,693,300,2,691,0,0,0,0,99.78,0,0
SAMN03300766.fasta,g__Mycobacterium(UID1816),100,693,300,2,690,1,0,0,0,99.78,0.04,0
SAMN03300764.fasta,g__Mycobacterium(UID1816),100,693,300,2,687,4,0,0,0,99.78,0.8,0
SAMN03300763.fasta,g__Mycobacterium(UID1816),100,693,300,2,689,2,0,0,0,99.78,0.38,0
SAMN03300762.fasta,g__Mycobacterium(UID1816),100,693,300,2,691,0,0,0,0,99.78,0,0
SAMN03300761.fasta,g__Mycobacterium(UID1816),100,693,300,2,691,0,0,0,0,99.78,0,0
SAMN03300760.fasta,g__Mycobacterium(UID1816),100,693,300,2,691,0,0,0,0,99.78,0,0
SAMN03300759.fasta,g__Mycobacterium(UID1816),100,693,300,2,691,0,0,0,0,99.78,0,0
SAMN03300758.fasta,g__Mycobacterium(UID1816),100,693,300,2,691,0,0,0,0,99.78,0,0
SAMN03300757.fasta,g__Mycobacterium(UID1816),100,693,300,2,688,3,0,0,0,99.78,0.83,0
SAMN03300756.fasta,g__Mycobacterium(UID1816),100,693,300,2,689,2,0,0,0,99.78,0.67,0
SAMN03300753.fasta,g__Mycobacterium(UID1816),100,693,300,2,689,2,0,0,0,99.78,0.5,0
SAMN03300752.fasta,g__Mycobacterium(UID1816),100,693,300,2,691,0,0,0,0,99.78,0,0
SAMN03300751.fasta,g__Mycobacterium(UID1816),100,693,300,2,691,0,0,0,0,99.78,0,0
SAMN03300749.fasta,g__Mycobacterium(UID1816),100,693,300,2,691,0,0,0,0,99.78,0,0
SAMN03300747.fasta,g__Mycobacterium(UID1816),100,693,300,2,689,2,0,0,0,99.78,0.5,0
SAMN03300746.fasta,g__Mycobacterium(UID1816),100,693,300,2,663,28,0,0,0,99.78,3,100
SAMN03300745.fasta,g__Mycobacterium(UID1816),100,693,300,2,691,0,0,0,0,99.78,0,0
SAMN03300744.fasta,g__Mycobacterium(UID1816),100,693,300,2,691,0,0,0,0,99.78,0,0
SAMN03300743.fasta,g__Mycobacterium(UID1816),100,693,300,2,690,1,0,0,0,99.78,0.04,100
SAMN03300742.fasta,g__Mycobacterium(UID1816),100,693,300,2,691,0,0,0,0,99.78,0,0
SAMN03300741.fasta,g__Mycobacterium(UID1816),100,693,300,2,691,0,0,0,0,99.78,0,0
SAMN03300739.fasta,g__Mycobacteriu(UID1816),100,693,300,2,691,0,0,0,0,99.78,0,0
SAMN03300738.fasta,g__Mycobacterium(UID1816),100,693,300,2,691,0,0,0,0,99.78,0,0
SAMN03300737.fasta,g__Mycobacterium(UID1816),100,693,300,2,691,0,0,0,0,99.78,0,0
SAMN03300735.fasta,g__Mycobacterium(UID1816),100,693,300,2,691,0,0,0,0,99.78,0,0
SAMN03300734.fasta,g__Mycobacterium(UID1816),100,693,300,2,691,0,0,0,0,99.78,0,0
SAMN03300732.fasta,g__Mycobacterium(UID1816),100,693,300,2,691,0,0,0,0,99.78,0,0
SAMN03300729.fasta,g__Mycobacterium(UID1816),100,693,300,2,684,7,0,0,0,99.78,0.96,0
SAMN03300728.fasta,g__Mycobacterium(UID1816),100,693,300,2,691,0,0,0,0,99.78,0,0
SAMN03300727.fasta,g__Mycobacterium(UID1816),100,693,300,2,690,1,0,0,0,99.78,0.08,0
SAMN03300726.fasta,g__Mycobacterium(UID1816),100,693,300,2,691,0,0,0,0,99.78,0,0
SAMN03300725.fasta,g__Mycobacterium(UID1816),100,693,300,2,690,1,0,0,0,99.78,0.04,0
SAMN03300724.fasta,g__Mycobacterium(UID1816),100,693,300,2,691,0,0,0,0,99.78,0,0
SAMN03300723.fasta,g__Mycobacterium(UID1816),100,693,300,2,691,0,0,0,0,99.78,0,0
SAMN03300722.fasta,g__Mycobacterium(UID1816),100,693,300,2,691,0,0,0,0,99.78,0,0
SAMN03300721.fasta,g__Mycobacterium(UID1816),100,693,300,2,691,0,0,0,0,99.78,0,0
SAMN03300720.fasta,g__Mycobacterium(UID1816),100,693,300,2,690,1,0,0,0,99.78,0.07,0
SAMN03300719.fasta,g__Mycobacterium(UID1816),100,693,300,2,690,1,0,0,0,99.78,0.04,0
SAMN03300718.fasta,g__Mycobacterium(UID1816),100,693,300,2,691,0,0,0,0,99.78,0,0
SAMN03300716.fasta,g__Mycobacterium(UID1816),100,693,300,2,689,2,0,0,0,99.78,0.21,0
SAMN03300714.fasta,g__Mycobacterium(UID1816),100,693,300,2,691,0,0,0,0,99.78,0,0
SAMN03300713.fasta,g__Mycobacterium(UID1816),100,693,300,2,691,0,0,0,0,99.78,0,0
SAMN03300712.fasta,g__Mycobacterium(UID1816),100,693,300,2,691,0,0,0,0,99.78,0,0
SAMN03300711.fasta,g__Mycobacterium(UID1816),100,693,300,2,691,0,0,0,0,99.78,0,0
SAMN03300710.fasta,g__Mycobacterium(UID1816),100,693,300,2,691,0,0,0,0,99.78,0,0
SAMN03300709.fasta,g__Mycobacterium(UID1816),100,693,300,2,689,2,0,0,0,99.78,0.11,0
SAMN03300707.fasta,g__Mycobacterium(UID1816),100,693,300,2,690,1,0,0,0,99.78,0.11,100
SAMN03300706.fasta,g__Mycobacterium(UID1816),100,693,300,2,691,0,0,0,0,99.78,0,0
SAMN03300705.fasta,g__Mycobacterium(UID1816),100,693,300,2,691,0,0,0,0,99.78,0,0
SAMN03300703.fasta,g__Mycobacterium(UID1816),100,693,300,2,690,1,0,0,0,99.78,0.04,0
SAMN03300702.fasta,g__Mycobacterium(UID1816),100,693,300,2,691,0,0,0,0,99.78,0,0
SAMN03300701.fasta,g__Mycobacterium(UID1816),100,693,300,2,690,1,0,0,0,99.78,0.33,0
SAMN03300700.fasta,g__Mycobacterium(UID1816),100,693,300,2,691,0,0,0,0,99.78,0,0
SAMN03300699.fasta,g__Mycobacterium(UID1816),100,693,300,2,691,0,0,0,0,99.78,0,0
SAMN03300697.fasta,g__Mycobacterium(UID1816),100,693,300,2,690,1,0,0,0,99.78,0.33,0
SAMN03300696.fasta,g__Mycobacterium(UID1816),100,693,300,2,691,0,0,0,0,99.78,0,0
SAMN03300695.fasta,g__Mycobacterium(UID1816),100,693,300,2,691,0,0,0,0,99.78,0,0
SAMN03300691.fasta,g__Mycobacterium(UID1816),100,693,300,2,691,0,0,0,0,99.78,0,0
SAMN03300690.fasta,g__Mycobacterium(UID1816),100,693,300,2,691,0,0,0,0,99.78,0,0
SAMN03300688.fasta,g__Mycobacterium(UID1816),100,693,300,2,691,0,0,0,0,99.78,0,0
SAMN03300687.fasta,g__Mycobacterium(UID1816),100,693,300,2,691,0,0,0,0,99.78,0,0
SAMN03300685.fasta,g__Mycobacterium(UID1816),100,693,300,2,688,3,0,0,0,99.78,0.24,0
SAMN03300683.fasta,g__Mycobacterium(UID1816),100,693,300,2,691,0,0,0,0,99.78,0,0
SAMN03300680.fasta,g__Mycobacterium(UID1816),100,693,300,2,691,0,0,0,0,99.78,0,0
SAMN03300679.fasta,g__Mycobacterium(UID1816),100,693,300,2,691,0,0,0,0,99.78,0,0
SAMN03300678.fasta,g__Mycobacterium(UID1816),100,693,300,2,691,0,0,0,0,99.78,0,0
SAMN03300677.fasta,g__Mycobacterium(UID1816),100,693,300,2,691,0,0,0,0,99.78,0,0
SAMN03300676.fasta,g__Mycobacterium(UID1816),100,693,300,2,691,0,0,0,0,99.78,0,0
SAMN03300675.fasta,g__Mycobacterium(UID1816),100,693,300,2,691,0,0,0,0,99.78,0,0
SAMN03300674.fasta,g__Mycobacterium(UID1816),100,693,300,2,691,0,0,0,0,99.78,0,0
SAMN03300673.fasta,g__Mycobacterium(UID1816),100,693,300,2,691,0,0,0,0,99.78,0,0
SAMN03300672.fasta,g__Mycobacterium(UID1816),100,693,300,2,691,0,0,0,0,99.78,0,0
SAMN03300671.fasta,g__Mycobacterium(UID1816),100,693,300,2,691,0,0,0,0,99.78,0,0
SAMN03300670.fasta,g__Mycobacterium(UID1816),100,693,300,2,690,1,0,0,0,99.78,0.33,0
SAMN03300669.fasta,g__Mycobacterium(UID1816),100,693,300,2,691,0,0,0,0,99.78,0,0
SAMN03300668.fasta,g__Mycobacterium(UID1816),100,693,300,2,691,0,0,0,0,99.78,0,0
SAMN03300667.fasta,g__Mycobacterium(UID1816),100,693,300,2,691,0,0,0,0,99.78,0,0
SAMN03300665.fasta,g__Mycobacterium(UID1816),100,693,300,2,691,0,0,0,0,99.78,0,0
SAMN03300664.fasta,g__Mycobacterium(UID1816),100,693,300,2,688,3,0,0,0,99.78,0.75,0
SAMN03300663.fasta,g__Mycobacterium(UID1816),100,693,300,2,689,2,0,0,0,99.78,0.14,0
SAMN03300660.fasta,g__Mycobacterium(UID1816),100,693,300,2,691,0,0,0,0,99.78,0,0
SAMN03300659.fasta,g__Mycobacterium(UID1816),100,693,300,2,691,0,0,0,0,99.78,0,0
SAMN03300658.fasta,g__Mycobacterium(UID1816),100,693,300,2,691,0,0,0,0,99.78,0,0
SAMN03300656.fasta,g__Mycobacterium(UID1816),100,693,300,2,691,0,0,0,0,99.78,0,0
SAMN03300655.fasta,g__Mycobacterium(UID1816),100,693,300,2,691,0,0,0,0,99.78,0,0
SAMN03300653.fasta,g__Mycobacterium(UID1816),100,693,300,2,690,1,0,0,0,99.78,0.17,100
SAMN03300652.fasta,g__Mycobacterium(UID1816),100,693,300,2,691,0,0,0,0,99.78,0,0
SAMN03300651.fasta,g__Mycobacterium(UID1816),100,693,300,2,689,2,0,0,0,99.78,0.5,50
SAMN03300650.fasta,g__Mycobacterium(UID1816),100,693,300,2,690,1,0,0,0,99.78,0.17,100
SAMN03300649.fasta,g__Mycobacterium(UID1816),100,693,300,2,688,3,0,0,0,99.78,0.27,33.33
SAMN03300648.fasta,g__Mycobacterium(UID1816),100,693,300,2,691,0,0,0,0,99.78,0,0
SAMN03300646.fasta,g__Mycobacterium(UID1816),100,693,300,2,691,0,0,0,0,99.78,0,0
SAMN03300644.fasta,g__Mycobacterium(UID1816),100,693,300,2,691,0,0,0,0,99.78,0,0
SAMN03300643.fasta,g__Mycobacterium(UID1816),100,693,300,2,685,6,0,0,0,99.78,0.64,16.67
SAMN03300642.fasta,g__Mycobacterium(UID1816),100,693,300,2,690,1,0,0,0,99.78,0.17,100
SAMN03300641.fasta,g__Mycobacterium(UID1816),100,693,300,2,686,5,0,0,0,99.78,0.71,20
SAMN03300639.fasta,g__Mycobacterium(UID1816),100,693,300,2,683,8,0,0,0,99.78,0.78,50
SAMN03300637.fasta,g__Mycobacterium(UID1816),100,693,300,2,691,0,0,0,0,99.78,0,0
SAMN03300636.fasta,g__Mycobacterium(UID1816),100,693,300,2,689,2,0,0,0,99.78,0.21,0
SAMN03300634.fasta,g__Mycobacterium(UID1816),100,693,300,2,691,0,0,0,0,99.78,0,0
SAMN03300633.fasta,g__Mycobacterium(UID1816),100,693,300,2,690,1,0,0,0,99.78,0.17,0
SAMN03300632.fasta,g__Mycobacterium(UID1816),100,693,300,2,689,2,0,0,0,99.78,0.39,0
SAMN03300631.fasta,g__Mycobacterium(UID1816),100,693,300,2,687,4,0,0,0,99.78,0.92,0
SAMN03300628.fasta,g__Mycobacterium(UID1816),100,693,300,2,675,16,0,0,0,99.78,1.62,0
SAMN03300626.fasta,g__Mycobacterium(UID1816),100,693,300,2,690,1,0,0,0,99.78,0.03,0
SAMN03300624.fasta,g__Mycobacterium(UID1816),100,693,300,2,691,0,0,0,0,99.78,0,0
SAMN03300618.fasta,g__Mycobacterium(UID1816),100,693,300,2,691,0,0,0,0,99.78,0,0
SAMN03300615.fasta,g__Mycobacterium(UID1816),100,693,300,2,691,0,0,0,0,99.78,0,0
SAMN03300614.fasta,g__Mycobacterium(UID1816),100,693,300,2,691,0,0,0,0,99.78,0,0
SAMN03300612.fasta,g__Mycobacterium(UID1816),100,693,300,2,690,1,0,0,0,99.78,0.05,0
SAMN03300608.fasta,g__Mycobacterium(UID1816),100,693,300,2,691,0,0,0,0,99.78,0,0
SAMN03300604.fasta,g__Mycobacterium(UID1816),100,693,300,2,690,1,0,0,0,99.78,0.17,0
SAMN03300601.fasta,g__Mycobacterium(UID1816),100,693,300,2,691,0,0,0,0,99.78,0,0
SAMN03300598.fasta,g__Mycobacterium(UID1816),100,693,300,2,691,0,0,0,0,99.78,0,0
SAMN03300562.fasta,g__Mycobacterium(UID1816),100,693,300,2,691,0,0,0,0,99.78,0,0
SAMN03300561.fasta,g__Mycobacterium(UID1816),100,693,300,2,691,0,0,0,0,99.78,0,0
SAMN03300556.fasta,g__Mycobacterium(UID1816),100,693,300,2,691,0,0,0,0,99.78,0,0
SAMN03300554.fasta,g__Mycobacterium(UID1816),100,693,300,2,691,0,0,0,0,99.78,0,0
SAMN03300553.fasta,g__Mycobacterium(UID1816),100,693,300,2,691,0,0,0,0,99.78,0,0
SAMN03300552.fasta,g__Mycobacterium(UID1816),100,693,300,2,691,0,0,0,0,99.78,0,0
SAMN03300551.fasta,g__Mycobacterium(UID1816),100,693,300,2,691,0,0,0,0,99.78,0,0
SAMN03300541.fasta,g__Mycobacterium(UID1816),100,693,300,2,691,0,0,0,0,99.78,0,0
SAMN03300540.fasta,g__Mycobacterium(UID1816),100,693,300,2,691,0,0,0,0,99.78,0,0
SAMN03300539.fasta,g__Mycobacterium(UID1816),100,693,300,2,691,0,0,0,0,99.78,0,0
SAMN03300538.fasta,g__Mycobacterium(UID1816),100,693,300,2,691,0,0,0,0,99.78,0,0
SAMN03300537.fasta,g__Mycobacterium(UID1816),100,693,300,2,691,0,0,0,0,99.78,0,0
SAMN03300536.fasta,g__Mycobacterium(UID1816),100,693,300,2,691,0,0,0,0,99.78,0,0
SAMN03300535.fasta,g__Mycobacterium(UID1816),100,693,300,2,691,0,0,0,0,99.78,0,0
SAMN03300530.fasta,g__Mycobacterium(UID1816),100,693,300,2,690,1,0,0,0,99.78,0.33,0
SAMN03300529.fasta,g__Mycobacterium(UID1816),100,693,300,2,691,0,0,0,0,99.78,0,0
SAMN03300527.fasta,g__Mycobacterium(UID1816),100,693,300,2,691,0,0,0,0,99.78,0,0
SAMN03300526.fasta,g__Mycobacterium(UID1816),100,693,300,2,691,0,0,0,0,99.78,0,0
SAMN03300525.fasta,g__Mycobacterium(UID1816),100,693,300,2,690,1,0,0,0,99.78,0.17,0
SAMN03300524.fasta,g__Mycobacterium(UID1816),100,693,300,2,691,0,0,0,0,99.78,0,0
SAMN03300520.fasta,g__Mycobacterium(UID1816),100,693,300,2,691,0,0,0,0,99.78,0,0
SAMN03300516.fasta,g__Mycobacterium(UID1816),100,693,300,2,690,1,0,0,0,99.78,0.11,0
SAMN03300513.fasta,g__Mycobacterium(UID1816),100,693,300,2,690,1,0,0,0,99.78,0.06,0
SAMN03300490.fasta,g__Mycobacterium(UID1816),100,693,300,2,670,21,0,0,0,99.78,4.67,100
SAMN03300480.fasta,g__Mycobacterium(UID1816),100,693,300,2,691,0,0,0,0,99.78,0,0
SAMN03300479.fasta,g__Mycobacterium(UID1816),100,693,300,2,691,0,0,0,0,99.78,0,0
SAMN03300476.fasta,g__Mycobacterium(UID1816),100,693,300,2,691,0,0,0,0,99.78,0,0
SAMN03300474.fasta,g__Mycobacterium(UID1816),100,693,300,2,691,0,0,0,0,99.78,0,0
SAMN03300473.fasta,g__Mycobacterium(UID1816),100,693,300,2,691,0,0,0,0,99.78,0,0
SAMN03300472.fasta,g__Mycobacterium(UID1816),100,693,300,2,691,0,0,0,0,99.78,0,0
SAMN03300471.fasta,g__Mycobacterium(UID1816),100,693,300,2,690,1,0,0,0,99.78,0.08,100
SAMN03300469.fasta,g__Mycobacterium(UID1816),100,693,300,2,691,0,0,0,0,99.78,0,0
SAMN03300468.fasta,g__Mycobacterium(UID1816),100,693,300,2,691,0,0,0,0,99.78,0,0
SAMN03300467.fasta,g__Mycobacterium(UID1816),100,693,300,2,691,0,0,0,0,99.78,0,0
SAMN03300466.fasta,g__Mycobacterium(UID1816),100,693,300,2,690,1,0,0,0,99.78,0.33,0
SAMN03300459.fasta,g__Mycobacterium(UID1816),100,693,300,2,691,0,0,0,0,99.78,0,0
SAMN03300458.fasta,g__Mycobacterium(UID1816),100,693,300,2,690,1,0,0,0,99.78,0.17,0
SAMN03300457.fasta,g__Mycobacterium(UID1816),100,693,300,2,691,0,0,0,0,99.78,0,0
SAMN03300456.fasta,g__Mycobacterium(UID1816),100,693,300,2,691,0,0,0,0,99.78,0,0
SAMN03300451.fasta,g__Mycobacterium(UID1816),100,693,300,2,691,0,0,0,0,99.78,0,0
SAMN03300450.fasta,g__Mycobacterium(UID1816),100,693,300,2,691,0,0,0,0,99.78,0,0
SAMN03300449.fasta,g__Mycobacterium(UID1816),100,693,300,2,691,0,0,0,0,99.78,0,0
SAMN03300448.fasta,g__Mycobacterium(UID1816),100,693,300,2,691,0,0,0,0,99.78,0,0
SAMN03300446.fasta,g__Mycobacterium(UID1816),100,693,300,2,691,0,0,0,0,99.78,0,0
SAMN03300445.fasta,g__Mycobacterium(UID1816),100,693,300,2,691,0,0,0,0,99.78,0,0
SAMN03300444.fasta,g__Mycobacterium(UID1816),100,693,300,2,691,0,0,0,0,99.78,0,0
SAMN03300443.fasta,g__Mycobacterium(UID1816),100,693,300,2,683,8,0,0,0,99.78,0.74,0
SAMN03300442.fasta,g__Mycobacterium(UID1816),100,693,300,2,691,0,0,0,0,99.78,0,0
SAMN03300441.fasta,g__Mycobacterium(UID1816),100,693,300,2,691,0,0,0,0,99.78,0,0
SAMN03300440.fasta,g__Mycobacterium(UID1816),100,693,300,2,691,0,0,0,0,99.78,0,0
SAMN03300437.fasta,g__Mycobacterium(UID1816),100,693,300,2,691,0,0,0,0,99.78,0,0
SAMN03300435.fasta,g__Mycobacterium(UID1816),100,693,300,2,689,2,0,0,0,99.78,0.33,100
SAMN03300433.fasta,g__Mycobacterium(UID1816),100,693,300,2,691,0,0,0,0,99.78,0,0
SAMN03300432.fasta,g__Mycobacterium(UID1816),100,693,300,2,690,1,0,0,0,99.78,0.11,0
SAMN03300429.fasta,g__Mycobacterium(UID1816),100,693,300,2,691,0,0,0,0,99.78,0,0
SAMN03300426.fasta,g__Mycobacterium(UID1816),100,693,300,2,690,1,0,0,0,99.78,0.04,0
SAMN03300424.fasta,g__Mycobacterium(UID1816),100,693,300,2,691,0,0,0,0,99.78,0,0
SAMN03300423.fasta,g__Mycobacterium(UID1816),100,693,300,2,691,0,0,0,0,99.78,0,0
SAMN03300422.fasta,g__Mycobacterium(UID1816),100,693,300,2,690,1,0,0,0,99.78,0.07,0
SAMN03300421.fasta,g__Mycobacterium(UID1816),100,693,300,2,690,1,0,0,0,99.78,0.17,0
SAMN03300418.fasta,g__Mycobacterium(UID1816),100,693,300,2,691,0,0,0,0,99.78,0,0
SAMN03300409.fasta,g__Mycobacterium(UID1816),100,693,300,2,691,0,0,0,0,99.78,0,0
SAMN03300408.fasta,g__Mycobacterium(UID1816),100,693,300,2,680,11,0,0,0,99.78,1.36,0
SAMN03300404.fasta,g__Mycobacterium(UID1816),100,693,300,2,691,0,0,0,0,99.78,0,0
SAMN03300403.fasta,g__Mycobacterium(UID1816),100,693,300,2,691,0,0,0,0,99.78,0,0
SAMN03300399.fasta,g__Mycobacterium(UID1816),100,693,300,2,689,2,0,0,0,99.78,0.17,0
SAMN03300398.fasta,g__Mycobacterium(UID1816),100,693,300,2,691,0,0,0,0,99.78,0,0
SAMN03300397.fasta,g__Mycobacterium(UID1816),100,693,300,2,690,1,0,0,0,99.78,0.03,0
SAMN03300396.fasta,g__Mycobacterium(UID1816),100,693,300,2,688,3,0,0,0,99.78,0.25,0
SAMN03300394.fasta,g__Mycobacterium(UID1816),100,693,300,2,689,2,0,0,0,99.78,0.06,0
SAMN03300392.fasta,g__Mycobacterium(UID1816),100,693,300,2,690,1,0,0,0,99.78,0.08,0
SAMN03300389.fasta,g__Mycobacterium(UID1816),100,693,300,2,691,0,0,0,0,99.78,0,0
SAMN03300388.fasta,g__Mycobacterium(UID1816),100,693,300,2,691,0,0,0,0,99.78,0,0
SAMN03300387.fasta,g__Mycobacterium(UID1816),100,693,300,2,691,0,0,0,0,99.78,0,0
SAMN03300385.fasta,g__Mycobacterium(UID1816),100,693,300,2,689,2,0,0,0,99.78,0.19,0
SAMN03300384.fasta,g__Mycobacterium(UID1816),100,693,300,2,691,0,0,0,0,99.78,0,0
SAMN03300381.fasta,g__Mycobacterium(UID1816),100,693,300,2,691,0,0,0,0,99.78,0,0
SAMN03300378.fasta,g__Mycobacterium(UID1816),100,693,300,2,691,0,0,0,0,99.78,0,0
SAMN03300376.fasta,g__Mycobacterium(UID1816),100,693,300,2,690,1,0,0,0,99.78,0.17,0
SAMN03300374.fasta,g__Mycobacterium(UID1816),100,693,300,2,689,2,0,0,0,99.78,0.28,0
SAMN03300371.fasta,g__Mycobacterium(UID1816),100,693,300,2,691,0,0,0,0,99.78,0,0
SAMN03300366.fasta,g__Mycobacterium(UID1816),100,693,300,2,691,0,0,0,0,99.78,0,0
SAMN03300365.fasta,g__Mycobacterium(UID1816),100,693,300,2,691,0,0,0,0,99.78,0,0
SAMN03300364.fasta,g__Mycobacterium(UID1816),100,693,300,2,690,1,0,0,0,99.78,0.33,0
SAMN03300363.fasta,g__Mycobacterium(UID1816),100,693,300,2,691,0,0,0,0,99.78,0,0
SAMN03300359.fasta,g__Mycobacterium(UID1816),100,693,300,2,687,4,0,0,0,99.78,0.73,0
SAMN03300356.fasta,g__Mycobacterium(UID1816),100,693,300,2,691,0,0,0,0,99.78,0,0
SAMN03300355.fasta,g__Mycobacterium(UID1816),100,693,300,2,691,0,0,0,0,99.78,0,0
SAMN03300354.fasta,g__Mycobacterium(UID1816),100,693,300,2,690,1,0,0,0,99.78,0.11,0
SAMN03300352.fasta,g__Mycobacterium(UID1816),100,693,300,2,691,0,0,0,0,99.78,0,0
SAMN03300342.fasta,g__Mycobacterium(UID1816),100,693,300,2,689,2,0,0,0,99.78,0.38,0
SAMN03300341.fasta,g__Mycobacterium(UID1816),100,693,300,2,691,0,0,0,0,99.78,0,0
SAMN03300339.fasta,g__Mycobacterium(UID1816),100,693,300,2,684,7,0,0,0,99.78,1.57,0
SAMN03300338.fasta,g__Mycobacterium(UID1816),100,693,300,2,691,0,0,0,0,99.78,0,0
SAMN03300337.fasta,g__Mycobacterium(UID1816),100,693,300,2,685,6,0,0,0,99.78,0.57,0
SAMN03300331.fasta,g__Mycobacterium(UID1816),100,693,300,2,691,0,0,0,0,99.78,0,0
SAMN03300328.fasta,g__Mycobacterium(UID1816),100,693,300,2,691,0,0,0,0,99.78,0,0
SAMN03300327.fasta,g__Mycobacterium(UID1816),100,693,300,2,688,3,0,0,0,99.78,0.78,66.67
SAMN03300324.fasta,g__Mycobacterium(UID1816),100,693,300,2,689,2,0,0,0,99.78,0.5,0
SAMN03300320.fasta,g__Mycobacterium(UID1816),100,693,300,2,688,3,0,0,0,99.78,0.26,0
SAMN03300318.fasta,g__Mycobacterium(UID1816),100,693,300,2,691,0,0,0,0,99.78,0,0
SAMN03300317.fasta,g__Mycobacterium(UID1816),100,693,300,2,690,1,0,0,0,99.78,0.33,100
SAMN03300316.fasta,g__Mycobacterium(UID1816),100,693,300,2,670,21,0,0,0,99.78,4.67,100
SAMN03300315.fasta,g__Mycobacterium(UID1816),100,693,300,2,690,1,0,0,0,99.78,0.17,0
SAMN03300314.fasta,g__Mycobacterium(UID1816),100,693,300,2,690,1,0,0,0,99.78,0.17,0
SAMN03300313.fasta,g__Mycobacterium(UID1816),100,693,300,2,689,2,0,0,0,99.78,0.33,0
SAMN03300312.fasta,g__Mycobacterium(UID1816),100,693,300,2,691,0,0,0,0,99.78,0,0
SAMN03300311.fasta,g__Mycobacterium(UID1816),100,693,300,2,690,1,0,0,0,99.78,0.33,0
SAMN03300310.fasta,g__Mycobacterium(UID1816),100,693,300,2,691,0,0,0,0,99.78,0,0
SAMN03300302.fasta,g__Mycobacterium(UID1816),100,693,300,2,691,0,0,0,0,99.78,0,0
SAMN03300296.fasta,g__Mycobacterium(UID1816),100,693,300,2,691,0,0,0,0,99.78,0,0
SAMN03300295.fasta,g__Mycobacterium(UID1816),100,693,300,2,686,5,0,0,0,99.78,0.71,0
SAMN03300293.fasta,g__Mycobacterium(UID1816),100,693,300,2,690,1,0,0,0,99.78,0.06,0
SAMN03300292.fasta,g__Mycobacterium(UID1816),100,693,300,2,691,0,0,0,0,99.78,0,0
SAMN03300289.fasta,g__Mycobacterium(UID1816),100,693,300,2,691,0,0,0,0,99.78,0,0
SAMN03300288.fasta,g__Mycobacterium(UID1816),100,693,300,2,691,0,0,0,0,99.78,0,0
SAMN03300287.fasta,g__Mycobacterium(UID1816),100,693,300,2,691,0,0,0,0,99.78,0,0
SAMN03300286.fasta,g__Mycobacterium(UID1816),100,693,300,2,691,0,0,0,0,99.78,0,0
SAMN03300285.fasta,g__Mycobacterium(UID1816),100,693,300,2,691,0,0,0,0,99.78,0,0
SAMN03300284.fasta,g__Mycobacterium(UID1816),100,693,300,2,691,0,0,0,0,99.78,0,0
SAMN03300283.fasta,g__Mycobacterium(UID1816),100,693,300,2,691,0,0,0,0,99.78,0,0
SAMN03300282.fasta,g__Mycobacterium(UID1816),100,693,300,2,691,0,0,0,0,99.78,0,0
SAMN03300281.fasta,g__Mycobacterium(UID1816),100,693,300,2,691,0,0,0,0,99.78,0,0
SAMN03300278.fasta,g__Mycobacterium(UID1816),100,693,300,2,691,0,0,0,0,99.78,0,0
SAMN03300277.fasta,g__Mycobacterium(UID1816),100,693,300,2,690,1,0,0,0,99.78,0.11,0
SAMN03300275.fasta,g__Mycobacterium(UID1816),100,693,300,2,691,0,0,0,0,99.78,0,0
SAMN03300274.fasta,g__Mycobacterium(UID1816),100,693,300,2,690,1,0,0,0,99.78,0.11,0
SAMN03300273.fasta,g__Mycobacterium(UID1816),100,693,300,2,691,0,0,0,0,99.78,0,0
SAMN03300272.fasta,g__Mycobacterium(UID1816),100,693,300,2,691,0,0,0,0,99.78,0,0
SAMN03300269.fasta,g__Mycobacterium(UID1816),100,693,300,2,691,0,0,0,0,99.78,0,0
SAMN03300264.fasta,g__Mycobacterium(UID1816),100,693,300,2,691,0,0,0,0,99.78,0,0
SAMN03300263.fasta,g__Mycobacterium(UID1816),100,693,300,2,691,0,0,0,0,99.78,0,0
SAMN03300262.fasta,g__Mycobacterium(UID1816),100,693,300,2,691,0,0,0,0,99.78,0,0
SAMN03300261.fasta,g__Mycobacterium(UID1816),100,693,300,2,691,0,0,0,0,99.78,0,0
SAMN03300260.fasta,g__Mycobacterium(UID1816),100,693,300,2,691,0,0,0,0,99.78,0,0
SAMN03300259.fasta,g__Mycobacterium(UID1816),100,693,300,2,689,2,0,0,0,99.78,0.2,0
SAMN03300258.fasta,g__Mycobacterium(UID1816),100,693,300,2,691,0,0,0,0,99.78,0,0
SAMN03300254.fasta,g__Mycobacterium(UID1816),100,693,300,2,691,0,0,0,0,99.78,0,0
SAMN03300253.fasta,g__Mycobacterium(UID1816),100,693,300,2,691,0,0,0,0,99.78,0,0
SAMN03300252.fasta,g__Mycobacterium(UID1816),100,693,300,2,691,0,0,0,0,99.78,0,0
SAMN03300251.fasta,g__Mycobacterium(UID1816),100,693,300,2,688,3,0,0,0,99.78,0.28,0
SAMN03300250.fasta,g__Mycobacterium(UID1816),100,693,300,2,691,0,0,0,0,99.78,0,0
SAMN03300249.fasta,g__Mycobacterium(UID1816),100,693,300,2,691,0,0,0,0,99.78,0,0
SAMN03300248.fasta,g__Mycobacterium(UID1816),100,693,300,2,691,0,0,0,0,99.78,0,0
SAMN03300245.fasta,g__Mycobacterium(UID1816),100,693,300,2,691,0,0,0,0,99.78,0,0
SAMN03300244.fasta,g__Mycobacterium(UID1816),100,693,300,2,691,0,0,0,0,99.78,0,0
SAMN03300243.fasta,g__Mycobacterium(UID1816),100,693,300,2,691,0,0,0,0,99.78,0,0
SAMN03300241.fasta,g__Mycobacterium(UID1816),100,693,300,2,690,1,0,0,0,99.78,0.03,0
SAMN03300238.fasta,g__Mycobacterium(UID1816),100,693,300,2,691,0,0,0,0,99.78,0,0
SAMN03300237.fasta,g__Mycobacterium(UID1816),100,693,300,2,691,0,0,0,0,99.78,0,0
SAMN03300236.fasta,g__Mycobacterium(UID1816),100,693,300,2,691,0,0,0,0,99.78,0,0
SAMN03300234.fasta,g__Mycobacterium(UID1816),100,693,300,2,691,0,0,0,0,99.78,0,0
SAMN03300233.fasta,g__Mycobacterium(UID1816),100,693,300,2,691,0,0,0,0,99.78,0,0
SAMN03300229.fasta,g__Mycobacterium(UID1816),100,693,300,2,691,0,0,0,0,99.78,0,0
SAMN03300225.fasta,g__Mycobacterium(UID1816),100,693,300,2,690,1,0,0,0,99.78,0.33,0
SAMN03300222.fasta,g__Mycobacterium(UID1816),100,693,300,2,691,0,0,0,0,99.78,0,0
SAMN03300217.fasta,g__Mycobacterium(UID1816),100,693,300,2,691,0,0,0,0,99.78,0,0
SAMN03300215.fasta,g__Mycobacterium(UID1816),100,693,300,2,691,0,0,0,0,99.78,0,0
SAMN03300209.fasta,g__Mycobacterium(UID1816),100,693,300,2,691,0,0,0,0,99.78,0,0
SAMN03300208.fasta,g__Mycobacterium(UID1816),100,693,300,2,691,0,0,0,0,99.78,0,0
SAMN03300207.fasta,g__Mycobacterium(UID1816),100,693,300,2,691,0,0,0,0,99.78,0,0
SAMN03300205.fasta,g__Mycobacterium(UID1816),100,693,300,2,690,1,0,0,0,99.78,0.08,0
SAMN03300204.fasta,g__Mycobacterium(UID1816),100,693,300,2,691,0,0,0,0,99.78,0,0
SAMN03300202.fasta,g__Mycobacterium(UID1816),100,693,300,2,691,0,0,0,0,99.78,0,0
SAMN03300199.fasta,g__Mycobacterium(UID1816),100,693,300,2,689,2,0,0,0,99.78,0.14,0
SAMN03300198.fasta,g__Mycobacterium(UID1816),100,693,300,2,691,0,0,0,0,99.78,0,0
SAMN03300197.fasta,g__Mycobacterium(UID1816),100,693,300,2,691,0,0,0,0,99.78,0,0
SAMN03300195.fasta,g__Mycobacterium(UID1816),100,693,300,2,691,0,0,0,0,99.78,0,0
SAMN03300194.fasta,g__Mycobacterium(UID1816),100,693,300,2,691,0,0,0,0,99.78,0,0
SAMN03300193.fasta,g__Mycobacterium(UID1816),100,693,300,2,691,0,0,0,0,99.78,0,0
SAMN03300192.fasta,g__Mycobacterium(UID1816),100,693,300,2,691,0,0,0,0,99.78,0,0
SAMN03300191.fasta,g__Mycobacterium(UID1816),100,693,300,2,691,0,0,0,0,99.78,0,0
SAMN03300189.fasta,g__Mycobacterium(UID1816),100,693,300,2,691,0,0,0,0,99.78,0,0
SAMN03300188.fasta,g__Mycobacterium(UID1816),100,693,300,2,690,1,0,0,0,99.78,0.08,0
SAMN03300187.fasta,g__Mycobacterium(UID1816),100,693,300,2,691,0,0,0,0,99.78,0,0
SAMN03300184.fasta,g__Mycobacterium(UID1816),100,693,300,2,691,0,0,0,0,99.78,0,0
SAMN03300183.fasta,g__Mycobacterium(UID1816),100,693,300,2,691,0,0,0,0,99.78,0,0
SAMN03300182.fasta,g__Mycobacterium(UID1816),100,693,300,2,691,0,0,0,0,99.78,0,0
SAMN03300181.fasta,g__Mycobacterium(UID1816),100,693,300,2,691,0,0,0,0,99.78,0,0
SAMN03300180.fasta,g__Mycobacterium(UID1816),100,693,300,2,691,0,0,0,0,99.78,0,0
SAMN03300176.fasta,g__Mycobacterium(UID1816),100,693,300,2,691,0,0,0,0,99.78,0,0
SAMN03300175.fasta,g__Mycobacterium(UID1816),100,693,300,2,691,0,0,0,0,99.78,0,0
SAMN03300174.fasta,g__Mycobacterium(UID1816),100,693,300,2,691,0,0,0,0,99.78,0,0
SAMN03300171.fasta,g__Mycobacterium(UID1816),100,693,300,2,690,0,1,0,0,99.78,0.17,100
SAMN03300170.fasta,g__Mycobacterium(UID1816),100,693,300,2,689,2,0,0,0,99.78,0.17,0
SAMN03300168.fasta,g__Mycobacterium(UID1816),100,693,300,2,690,1,0,0,0,99.78,0.11,0
SAMN03300167.fasta,g__Mycobacterium(UID1816),100,693,300,2,691,0,0,0,0,99.78,0,0
SAMN03300166.fasta,g__Mycobacterium(UID1816),100,693,300,2,689,2,0,0,0,99.78,0.21,0
SAMN03300165.fasta,g__Mycobacterium(UID1816),100,693,300,2,691,0,0,0,0,99.78,0,0
SAMN03300164.fasta,g__Mycobacterium(UID1816),100,693,300,2,691,0,0,0,0,99.78,0,0
SAMN03300161.fasta,g__Mycobacterium(UID1816),100,693,300,2,691,0,0,0,0,99.78,0,0
SAMN03300160.fasta,g__Mycobacterium(UID1816),100,693,300,2,690,1,0,0,0,99.78,0.17,0
SAMN03300158.fasta,g__Mycobacterium(UID1816),100,693,300,2,691,0,0,0,0,99.78,0,0
SAMN03300157.fasta,g__Mycobacterium(UID1816),100,693,300,2,691,0,0,0,0,99.78,0,0
SAMN03300156.fasta,g__Mycobacterium(UID1816),100,693,300,2,691,0,0,0,0,99.78,0,0
SAMN03300155.fasta,g__Mycobacterium(UID1816),100,693,300,2,691,0,0,0,0,99.78,0,0
SAMN03300154.fasta,g__Mycobacterium(UID1816),100,693,300,2,691,0,0,0,0,99.78,0,0
SAMN03300152.fasta,g__Mycobacterium(UID1816),100,693,300,2,691,0,0,0,0,99.78,0,0
SAMN03300151.fasta,g__Mycobacterium(UID1816),100,693,300,2,691,0,0,0,0,99.78,0,0
SAMN03300149.fasta,g__Mycobacterium(UID1816),100,693,300,2,691,0,0,0,0,99.78,0,0
SAMN03300148.fasta,g__Mycobacterium(UID1816),100,693,300,2,691,0,0,0,0,99.78,0,0
SAMN03300146.fasta,g__Mycobacterium(UID1816),100,693,300,2,691,0,0,0,0,99.78,0,0
SAMN03300145.fasta,g__Mycobacterium(UID1816),100,693,300,2,691,0,0,0,0,99.78,0,0
SAMN03300144.fasta,g__Mycobacterium(UID1816),100,693,300,2,691,0,0,0,0,99.78,0,0
SAMN03300143.fasta,g__Mycobacterium(UID1816),100,693,300,2,691,0,0,0,0,99.78,0,0
SAMN03300142.fasta,g__Mycobacterium(UID1816),100,693,300,2,691,0,0,0,0,99.78,0,0
SAMN03300141.fasta,g__Mycobacterium(UID1816),100,693,300,2,691,0,0,0,0,99.78,0,0
SAMN03300140.fasta,g__Mycobacterium(UID1816),100,693,300,2,691,0,0,0,0,99.78,0,0
SAMN03300139.fasta,g__Mycobacterium(UID1816),100,693,300,2,691,0,0,0,0,99.78,0,0
SAMN03300136.fasta,g__Mycobacterium(UID1816),100,693,300,2,691,0,0,0,0,99.78,0,0
SAMN03300135.fasta,g__Mycobacterium(UID1816),100,693,300,2,691,0,0,0,0,99.78,0,0
SAMN03300133.fasta,g__Mycobacterium(UID1816),100,693,300,2,691,0,0,0,0,99.78,0,0
SAMN03300130.fasta,g__Mycobacterium(UID1816),100,693,300,2,691,0,0,0,0,99.78,0,0
SAMN03300128.fasta,g__Mycobacterium(UID1816),100,693,300,2,691,0,0,0,0,99.78,0,0
SAMN03300127.fasta,g__Mycobacterium(UID1816),100,693,300,2,691,0,0,0,0,99.78,0,0
SAMN03300126.fasta,g__Mycobacterium(UID1816),100,693,300,2,679,12,0,0,0,99.78,1.99,8.33
SAMN03300125.fasta,g__Mycobacterium(UID1816),100,693,300,2,691,0,0,0,0,99.78,0,0
SAMN03300123.fasta,g__Mycobacterium(UID1816),100,693,300,2,691,0,0,0,0,99.78,0,0
SAMN03300121.fasta,g__Mycobacterium(UID1816),100,693,300,2,691,0,0,0,0,99.78,0,0
SAMN03300120.fasta,g__Mycobacterium(UID1816),100,693,300,2,691,0,0,0,0,99.78,0,0
SAMN03300119.fasta,g__Mycobacterium(UID1816),100,693,300,2,691,0,0,0,0,99.78,0,0
SAMN03300118.fasta,g__Mycobacterium(UID1816),100,693,300,2,691,0,0,0,0,99.78,0,0
SAMN03300117.fasta,g__Mycobacterium(UID1816),100,693,300,2,691,0,0,0,0,99.78,0,0
SAMN03300116.fasta,g__Mycobacterium(UID1816),100,693,300,2,691,0,0,0,0,99.78,0,0
SAMN03300115.fasta,g__Mycobacterium(UID1816),100,693,300,2,690,1,0,0,0,99.78,0.17,0
SAMN03300113.fasta,g__Mycobacterium(UID1816),100,693,300,2,691,0,0,0,0,99.78,0,0
SAMN03300112.fasta,g__Mycobacterium(UID1816),100,693,300,2,691,0,0,0,0,99.78,0,0
SAMN03300110.fasta,g__Mycobacterium(UID1816),100,693,300,2,691,0,0,0,0,99.78,0,0
SAMN03300109.fasta,g__Mycobacterium(UID1816),100,693,300,2,691,0,0,0,0,99.78,0,0
SAMN03300108.fasta,g__Mycobacterium(UID1816),100,693,300,2,691,0,0,0,0,99.78,0,0
SAMN03300106.fasta,g__Mycobacterium(UID1816),100,693,300,2,691,0,0,0,0,99.78,0,0
SAMN03300104.fasta,g__Mycobacterium(UID1816),100,693,300,2,691,0,0,0,0,99.78,0,0
SAMN03300102.fasta,g__Mycobacterium(UID1816),100,693,300,2,691,0,0,0,0,99.78,0,0
SAMN03300101.fasta,g__Mycobacterium(UID1816),100,693,300,2,691,0,0,0,0,99.78,0,0
SAMN03300100.fasta,g__Mycobacterium(UID1816),100,693,300,2,691,0,0,0,0,99.78,0,0
SAMN03300098.fasta,g__Mycobacterium(UID1816),100,693,300,2,690,1,0,0,0,99.78,0.17,100
SAMN03300096.fasta,g__Mycobacterium(UID1816),100,693,300,2,691,0,0,0,0,99.78,0,0
SAMN03300095.fasta,g__Mycobacterium(UID1816),100,693,300,2,691,0,0,0,0,99.78,0,0
SAMN03300094.fasta,g__Mycobacterium(UID1816),100,693,300,2,691,0,0,0,0,99.78,0,0
SAMN03300093.fasta,g__Mycobacterium(UID1816),100,693,300,2,691,0,0,0,0,99.78,0,0
SAMN03300092.fasta,g__Mycobacterium(UID1816),100,693,300,2,690,1,0,0,0,99.78,0.17,0
SAMN03300090.fasta,g__Mycobacterium(UID1816),100,693,300,2,691,0,0,0,0,99.78,0,0
SAMN03300089.fasta,g__Mycobacterium(UID1816),100,693,300,2,691,0,0,0,0,99.78,0,0
SAMN03300088.fasta,g__Mycobacterium(UID1816),100,693,300,2,691,0,0,0,0,99.78,0,0
SAMN03300087.fasta,g__Mycobacterium(UID1816),100,693,300,2,691,0,0,0,0,99.78,0,0
SAMN03300082.fasta,g__Mycobacterium(UID1816),100,693,300,2,691,0,0,0,0,99.78,0,0
SAMN03300080.fasta,g__Mycobacterium(UID1816),100,693,300,2,691,0,0,0,0,99.78,0,0
SAMN03300078.fasta,g__Mycobacterium(UID1816),100,693,300,2,691,0,0,0,0,99.78,0,0
SAMN03300077.fasta,g__Mycobacterium(UID1816),100,693,300,2,691,0,0,0,0,99.78,0,0
SAMN03300076.fasta,g__Mycobacterium(UID1816),100,693,300,2,690,1,0,0,0,99.78,0.07,0
SAMN03300074.fasta,g__Mycobacterium(UID1816),100,693,300,2,691,0,0,0,0,99.78,0,0
SAMN03300073.fasta,g__Mycobacterium(UID1816),100,693,300,2,691,0,0,0,0,99.78,0,0
SAMN03300067.fasta,g__Mycobacterium(UID1816),100,693,300,2,691,0,0,0,0,99.78,0,0
SAMN03300064.fasta,g__Mycobacterium(UID1816),100,693,300,2,691,0,0,0,0,99.78,0,0
SAMN03300063.fasta,g__Mycobacterium(UID1816),100,693,300,2,691,0,0,0,0,99.78,0,0
SAMN03300062.fasta,g__Mycobacterium(UID1816),100,693,300,2,691,0,0,0,0,99.78,0,0
SAMN03300061.fasta,g__Mycobacterium(UID1816),100,693,300,2,691,0,0,0,0,99.78,0,0
SAMN03300060.fasta,g__Mycobacterium(UID1816),100,693,300,2,691,0,0,0,0,99.78,0,0
SAMN03300058.fasta,g__Mycobacterium(UID1816),100,693,300,2,687,4,0,0,0,99.78,0.64,0
SAMN03300057.fasta,g__Mycobacterium(UID1816),100,693,300,2,691,0,0,0,0,99.78,0,0
SAMN03300056.fasta,g__Mycobacterium(UID1816),100,693,300,2,691,0,0,0,0,99.78,0,0
SAMN03300055.fasta,g__Mycobacterium(UID1816),100,693,300,2,689,2,0,0,0,99.78,0.2,0
SAMN03300053.fasta,g__Mycobacterium(UID1816),100,693,300,2,688,3,0,0,0,99.78,0.28,0
SAMN03300051.fasta,g__Mycobacterium(UID1816),100,693,300,2,691,0,0,0,0,99.78,0,0
SAMN03288261.fasta,g__Mycobacterium(UID1816),100,693,300,2,691,0,0,0,0,99.78,0,0
SAMN03199232.fasta,g__Mycobacterium(UID1816),100,693,300,2,691,0,0,0,0,99.78,0,0
SAMN03199229.fasta,g__Mycobacterium(UID1816),100,693,300,2,691,0,0,0,0,99.78,0,0
SAMN03199106.fasta,g__Mycobacterium(UID1816),100,693,300,2,691,0,0,0,0,99.78,0,0
SAMN09725355.fasta,g__Mycobacterium(UID1816),100,693,300,3,689,1,0,0,0,99.74,0.07,0
SAMN14447214.fasta,g__Mycobacterium(UID1816),100,693,300,3,689,1,0,0,0,99.69,0.33,0
SAMN09725766.fasta,g__Mycobacterium(UID1816),100,693,300,3,690,0,0,0,0,99.69,0,0
SAMN09725755.fasta,g__Mycobacterium(UID1816),100,693,300,3,690,0,0,0,0,99.69,0,0
SAMN09725676.fasta,g__Mycobacterium(UID1816),100,693,300,3,690,0,0,0,0,99.69,0,0
SAMN09725670.fasta,g__Mycobacterium(UID1816),100,693,300,3,690,0,0,0,0,99.69,0,0
SAMN09725505.fasta,g__Mycobacterium(UID1816),100,693,300,3,690,0,0,0,0,99.69,0,0
SAMN09725460.fasta,g__Mycobacterium(UID1816),100,693,300,3,688,2,0,0,0,99.69,0.44,0
SAMN09725398.fasta,g__Mycobacterium(UID1816),100,693,300,3,690,0,0,0,0,99.69,0,0
SAMN09725350.fasta,g__Mycobacterium(UID1816),100,693,300,3,689,1,0,0,0,99.69,0.17,100
SAMN06856065.fasta,g__Mycobacterium(UID1816),100,693,300,3,690,0,0,0,0,99.69,0,0
SAMN06856060.fasta,g__Mycobacterium(UID1816),100,693,300,3,690,0,0,0,0,99.69,0,0
SAMN06856047.fasta,g__Mycobacterium(UID1816),100,693,300,3,690,0,0,0,0,99.69,0,0
SAMN06856010.fasta,g__Mycobacterium(UID1816),100,693,300,3,690,0,0,0,0,99.69,0,0
SAMN06855976.fasta,g__Mycobacterium(UID1816),100,693,300,3,689,1,0,0,0,99.69,0.03,0
SAMN06855957.fasta,g__Mycobacterium(UID1816),100,693,300,3,690,0,0,0,0,99.69,0,0
SAMN06855954.fasta,g__Mycobacterium(UID1816),100,693,300,3,689,1,0,0,0,99.69,0.06,0
SAMN06855947.fasta,g__Mycobacterium(UID1816),100,693,300,3,689,1,0,0,0,99.69,0.05,0
SAMN06855944.fasta,g__Mycobacterium(UID1816),100,693,300,3,690,0,0,0,0,99.69,0,0
SAMN06855939.fasta,g__Mycobacterium(UID1816),100,693,300,3,689,1,0,0,0,99.69,0.11,0
SAMN06855936.fasta,g__Mycobacterium(UID1816),100,693,300,3,690,0,0,0,0,99.69,0,0
SAMN06855933.fasta,g__Mycobacterium(UID1816),100,693,300,3,689,1,0,0,0,99.69,0.06,0
SAMN06855930.fasta,g__Mycobacterium(UID1816),100,693,300,3,690,0,0,0,0,99.69,0,0
SAMN06855917.fasta,g__Mycobacterium(UID1816),100,693,300,3,690,0,0,0,0,99.69,0,0
SAMN04386747.fasta,g__Mycobacterium(UID1816),100,693,300,3,690,0,0,0,0,99.69,0,0
SAMN04386738.fasta,g__Mycobacterium(UID1816),100,693,300,3,690,0,0,0,0,99.69,0,0
SAMN04386737.fasta,g__Mycobacterium(UID1816),100,693,300,3,690,0,0,0,0,99.69,0,0
SAMN04386735.fasta,g__Mycobacterium(UID1816),100,693,300,3,690,0,0,0,0,99.69,0,0
SAMN03300806.fasta,g__Mycobacterium(UID1816),100,693,300,3,689,1,0,0,0,99.69,0.17,100
SAMN03300803.fasta,g__Mycobacterium(UID1816),100,693,300,3,671,19,0,0,0,99.69,1.67,94.74
SAMN03300748.fasta,g__Mycobacterium(UID1816),100,693,300,3,690,0,0,0,0,99.69,0,0
SAMN03300733.fasta,g__Mycobacterium(UID1816),100,693,300,3,690,0,0,0,0,99.69,0,0
SAMN03300731.fasta,g__Mycobacterium(UID1816),100,693,300,3,689,1,0,0,0,99.69,0.04,100
SAMN03300647.fasta,g__Mycobacterium(UID1816),100,693,300,3,690,0,0,0,0,99.69,0,0
SAMN03300343.fasta,g__Mycobacterium(UID1816),100,693,300,3,690,0,0,0,0,99.69,0,0
SAMN03300300.fasta,g__Mycobacterium(UID1816),100,693,300,3,687,3,0,0,0,99.69,0.29,0
SAMN03300271.fasta,g__Mycobacterium(UID1816),100,693,300,3,690,0,0,0,0,99.69,0,0
SAMN03300220.fasta,g__Mycobacterium(UID1816),100,693,300,3,690,0,0,0,0,99.69,0,0
SAMN03300169.fasta,g__Mycobacterium(UID1816),100,693,300,3,690,0,0,0,0,99.69,0,0
SAMN03300162.fasta,g__Mycobacterium(UID1816),100,693,300,3,690,0,0,0,0,99.69,0,0
SAMN03300081.fasta,g__Mycobacterium(UID1816),100,693,300,3,689,1,0,0,0,99.69,0.08,100
SAMN09812416.fasta,g__Mycobacterium(UID1816),100,693,300,3,690,0,0,0,0,99.67,0,0
SAMN03300862.fasta,g__Mycobacterium(UID1816),100,693,300,3,689,1,0,0,0,99.67,0.33,0
SAMN03300841.fasta,g__Mycobacterium(UID1816),100,693,300,3,689,1,0,0,0,99.67,0.33,0
SAMN03300792.fasta,g__Mycobacterium(UID1816),100,693,300,3,690,0,0,0,0,99.67,0,0
SAMN03300765.fasta,g__Mycobacterium(UID1816),100,693,300,3,690,0,0,0,0,99.67,0,0
SAMN03300505.fasta,g__Mycobacterium(UID1816),100,693,300,3,690,0,0,0,0,99.67,0,0
SAMN03300470.fasta,g__Mycobacterium(UID1816),100,693,300,3,690,0,0,0,0,99.67,0,0
SAMN09725539.fasta,g__Mycobacterium(UID1816),100,693,300,4,689,0,0,0,0,99.58,0,0
SAMN09812441.fasta,g__Mycobacterium(UID1816),100,693,300,3,675,15,0,0,0,99.44,3.83,100
SAMN09812423.fasta,g__Mycobacterium(UID1816),100,693,300,3,673,17,0,0,0,99.44,1.5,100
SAMN09812394.fasta,g__Mycobacterium(UID1816),100,693,300,3,690,0,0,0,0,99.44,0,0
SAMN09725733.fasta,g__Mycobacterium(UID1816),100,693,300,3,687,3,0,0,0,99.44,0.61,0
SAMN09725566.fasta,g__Mycobacterium(UID1816),100,693,300,3,690,0,0,0,0,99.44,0,0
SAMN09725493.fasta,g__Mycobacterium(UID1816),100,693,300,3,689,1,0,0,0,99.44,0.08,0
SAMN09725491.fasta,g__Mycobacterium(UID1816),100,693,300,3,690,0,0,0,0,99.44,0,0
SAMN09725489.fasta,g__Mycobacterium(UID1816),100,693,300,3,690,0,0,0,0,99.44,0,0
SAMN09725487.fasta,g__Mycobacterium(UID1816),100,693,300,3,690,0,0,0,0,99.44,0,0
SAMN09725486.fasta,g__Mycobacterium(UID1816),100,693,300,3,690,0,0,0,0,99.44,0,0
SAMN09725485.fasta,g__Mycobacterium(UID1816),100,693,300,3,690,0,0,0,0,99.44,0,0
SAMN09725484.fasta,g__Mycobacterium(UID1816),100,693,300,3,690,0,0,0,0,99.44,0,0
SAMN09725385.fasta,g__Mycobacterium(UID1816),100,693,300,3,690,0,0,0,0,99.44,0,0
SAMN09725384.fasta,g__Mycobacterium(UID1816),100,693,300,3,690,0,0,0,0,99.44,0,0
SAMN09725383.fasta,g__Mycobacterium(UID1816),100,693,300,3,689,1,0,0,0,99.44,0.17,0
SAMN09725369.fasta,g__Mycobacterium(UID1816),100,693,300,3,690,0,0,0,0,99.44,0,0
SAMN06856003.fasta,g__Mycobacterium(UID1816),100,693,300,3,690,0,0,0,0,99.44,0,0
SAMN06252370.fasta,g__Mycobacterium(UID1816),100,693,300,3,690,0,0,0,0,99.44,0,0
SAMN06252306.fasta,g__Mycobacterium(UID1816),100,693,300,3,689,1,0,0,0,99.44,0.17,0
SAMN06252275.fasta,g__Mycobacterium(UID1816),100,693,300,3,689,1,0,0,0,99.44,0.11,0
SAMN06252259.fasta,g__Mycobacterium(UID1816),100,693,300,3,690,0,0,0,0,99.44,0,0
SAMN06252240.fasta,g__Mycobacterium(UID1816),100,693,300,3,690,0,0,0,0,99.44,0,0
SAMN06252238.fasta,g__Mycobacterium(UID1816),100,693,300,3,690,0,0,0,0,99.44,0,0
SAMN06252215.fasta,g__Mycobacterium(UID1816),100,693,300,3,689,1,0,0,0,99.44,0.17,0
SAMN06252148.fasta,g__Mycobacterium(UID1816),100,693,300,3,690,0,0,0,0,99.44,0,0
SAMN06252141.fasta,g__Mycobacterium(UID1816),100,693,300,3,690,0,0,0,0,99.44,0,0
SAMN06252116.fasta,g__Mycobacterium(UID1816),100,693,300,3,690,0,0,0,0,99.44,0,0
SAMN06252091.fasta,g__Mycobacterium(UID1816),100,693,300,3,690,0,0,0,0,99.44,0,0
SAMN03300754.fasta,g__Mycobacterium(UID1816),100,693,300,3,690,0,0,0,0,99.44,0,0
SAMN03300686.fasta,g__Mycobacterium(UID1816),100,693,300,3,688,2,0,0,0,99.44,0.17,0
SAMN03300630.fasta,g__Mycobacterium(UID1816),100,693,300,3,690,0,0,0,0,99.44,0,0
SAMN03300629.fasta,g__Mycobacterium(UID1816),100,693,300,3,689,1,0,0,0,99.44,0.11,0
SAMN03300613.fasta,g__Mycobacterium(UID1816),100,693,300,3,689,1,0,0,0,99.44,0.33,0
SAMN03300599.fasta,g__Mycobacterium(UID1816),100,693,300,3,690,0,0,0,0,99.44,0,0
SAMN03300438.fasta,g__Mycobacterium(UID1816),100,693,300,3,690,0,0,0,0,99.44,0,0
SAMN03300246.fasta,g__Mycobacterium(UID1816),100,693,300,3,690,0,0,0,0,99.44,0,0
SAMN03300235.fasta,g__Mycobacterium(UID1816),100,693,300,3,689,1,0,0,0,99.44,0.11,100
SAMN09725664.fasta,g__Mycobacterium(UID1816),100,693,300,4,689,0,0,0,0,99.36,0,0
SAMN09725516.fasta,g__Mycobacterium(UID1816),100,693,300,4,688,1,0,0,0,99.36,0.17,0
SAMN09725388.fasta,g__Mycobacterium(UID1816),100,693,300,4,688,1,0,0,0,99.33,0.11,0
SAMN09725488.fasta,g__Mycobacterium(UID1816),100,693,300,5,688,0,0,0,0,99,0,0
SAMN10966053.fasta,g__Mycobacterium(UID1816),100,693,300,16,675,2,0,0,0,98.78,0.21,0