,BioSample,Country.x,loc1,loc2,geo_loc_name_country,id,Year,Country.y,location,latitude,longitude
664,SAMN06252091,New Zealand, BLENHEIM,NA,New Zealand,SAMN06252091_2005_NZ,2005,NZ, BLENHEIM,-41.51603,173.9528
497,SAMN06627997,Uruguay, Canelones,NA,Uruguay,SAMN06627997_2015_Uruguay,2015,Uruguay, Canelones,-34.5291,-56.2873
663,SAMN06252306,New Zealand, CHEVIOT,NA,New Zealand,SAMN06252306_2005_NZ,2005,NZ, CHEVIOT,-42.813,173.2739
679,SAMN06252148,New Zealand, DOBSON,NA,New Zealand,SAMN06252148_2007_NZ,2007,NZ, DOBSON,-42.4503,171.3102
498,SAMN06628112,Uruguay, Florida,NA,Uruguay,SAMN06628112_2014_Uruguay,2014,Uruguay, Florida,-34.0948,-56.2203
677,SAMN06252312,New Zealand, GORE,NA,New Zealand,SAMN06252312_2007_NZ,2007,NZ, GORE,-46.09989,168.9459
691,SAMN06252259,New Zealand, GRETAVALLEY,NA,New Zealand,SAMN06252259_2009_NZ,2009,NZ, GRETAVALLEY,-42.9638,172.9675
693,SAMN06252215,New Zealand, GRETAVALLEY,NA,New Zealand,SAMN06252215_2009_NZ,2009,NZ, GRETAVALLEY,-42.9638,172.9675
678,SAMN06252275,New Zealand, HAWARDEN,NA,New Zealand,SAMN06252275_2007_NZ,2007,NZ, HAWARDEN,-42.9234,172.6415
692,SAMN06252238,New Zealand, HAWARDEN,NA,New Zealand,SAMN06252238_2009_NZ,2009,NZ, HAWARDEN,-42.9234,172.6415
750,SAMN06252179,New Zealand, Kaikohe,NA,New Zealand,SAMN06252179_2013_NZ,2013,NZ, Kaikohe,-35.406,173.8032
671,SAMN06252240,New Zealand, KAIKOURA,NA,New Zealand,SAMN06252240_2006_NZ,2006,NZ, KAIKOURA,-42.3997,173.6795
672,SAMN06252141,New Zealand, KAIKOURA,NA,New Zealand,SAMN06252141_2006_NZ,2006,NZ, KAIKOURA,-42.3997,173.6795
682,SAMN06252116,New Zealand, KAIKOURA,NA,New Zealand,SAMN06252116_2008_NZ,2008,NZ, KAIKOURA,-42.3997,173.6795
748,SAMN06252232,New Zealand, Kaitaia,NA,New Zealand,SAMN06252232_2013_NZ,2013,NZ, Kaitaia,-35.1173,173.2676
749,SAMN06252202,New Zealand, Kaitaia,NA,New Zealand,SAMN06252202_2013_NZ,2013,NZ, Kaitaia,-35.1173,173.2676
751,SAMN06252084,New Zealand, Kaitaia,NA,New Zealand,SAMN06252084_2013_NZ,2013,NZ, Kaitaia,-35.1173,173.2676
696,SAMN06252151,New Zealand, OPUNAKE,NA,New Zealand,SAMN06252151_2009_NZ,2009,NZ, OPUNAKE,-39.4555,173.8619
669,SAMN06252322,New Zealand, OTOROHANGA,NA,New Zealand,SAMN06252322_2006_NZ,2006,NZ, OTOROHANGA,-38.1841,175.2127
670,SAMN06252318,New Zealand, OTOROHANGA,NA,New Zealand,SAMN06252318_2006_NZ,2006,NZ, OTOROHANGA,-38.1841,175.2127
694,SAMN06252203,New Zealand, OTOROHANGA,NA,New Zealand,SAMN06252203_2009_NZ,2009,NZ, OTOROHANGA,-38.1841,175.2127
695,SAMN06252172,New Zealand, OTOROHANGA,NA,New Zealand,SAMN06252172_2009_NZ,2009,NZ, OTOROHANGA,-38.1841,175.2127
690,SAMN06252370,New Zealand, RANGIORA,NA,New Zealand,SAMN06252370_2009_NZ,2009,NZ, RANGIORA,-43.304,172.5905
709,SAMN06252254,New Zealand, RANGIORA,NA,New Zealand,SAMN06252254_2010_NZ,2010,NZ, RANGIORA,-43.304,172.5905
644,SAMN03288261,Brazil, Sao Paulo,NA,Brazil,SAMN03288261_2010_Brazil,2010,Brazil, Sao Paulo,-23.5505,-46.6333
850,SAMN10966131,United Kingdom, England\, Woodchester Park,United Kingdom,SAMN10966131_1988_UK,1988,UK, Woodchester Park,51.7107,-2.2777
851,SAMN10966134,United Kingdom, England\, Woodchester Park,United Kingdom,SAMN10966134_1988_UK,1988,UK, Woodchester Park,51.7107,-2.2777
852,SAMN10966135,United Kingdom, England\, Woodchester Park,United Kingdom,SAMN10966135_1988_UK,1988,UK, Woodchester Park,51.7107,-2.2777
853,SAMN10966133,United Kingdom, England\, Woodchester Park,United Kingdom,SAMN10966133_1988_UK,1988,UK, Woodchester Park,51.7107,-2.2777
854,SAMN10966137,United Kingdom, England\, Woodchester Park,United Kingdom,SAMN10966137_1989_UK,1989,UK, Woodchester Park,51.7107,-2.2777
855,SAMN10966139,United Kingdom, England\, Woodchester Park,United Kingdom,SAMN10966139_1989_UK,1989,UK, Woodchester Park,51.7107,-2.2777
856,SAMN10966141,United Kingdom, England\, Woodchester Park,United Kingdom,SAMN10966141_1989_UK,1989,UK, Woodchester Park,51.7107,-2.2777
857,SAMN10966144,United Kingdom, England\, Woodchester Park,United Kingdom,SAMN10966144_1989_UK,1989,UK, Woodchester Park,51.7107,-2.2777
858,SAMN10966147,United Kingdom, England\, Woodchester Park,United Kingdom,SAMN10966147_1989_UK,1989,UK, Woodchester Park,51.7107,-2.2777
859,SAMN10966148,United Kingdom, England\, Woodchester Park,United Kingdom,SAMN10966148_1989_UK,1989,UK, Woodchester Park,51.7107,-2.2777
860,SAMN10966149,United Kingdom, England\, Woodchester Park,United Kingdom,SAMN10966149_1989_UK,1989,UK, Woodchester Park,51.7107,-2.2777
861,SAMN10966153,United Kingdom, England\, Woodchester Park,United Kingdom,SAMN10966153_1989_UK,1989,UK, Woodchester Park,51.7107,-2.2777
862,SAMN10966150,United Kingdom, England\, Woodchester Park,United Kingdom,SAMN10966150_1989_UK,1989,UK, Woodchester Park,51.7107,-2.2777
863,SAMN10966155,United Kingdom, England\, Woodchester Park,United Kingdom,SAMN10966155_1989_UK,1989,UK, Woodchester Park,51.7107,-2.2777
864,SAMN10966102,United Kingdom, England\, Woodchester Park,United Kingdom,SAMN10966102_1998_UK,1998,UK, Woodchester Park,51.7107,-2.2777
865,SAMN10966103,United Kingdom, England\, Woodchester Park,United Kingdom,SAMN10966103_1999_UK,1999,UK, Woodchester Park,51.7107,-2.2777
866,SAMN10966095,United Kingdom, England\, Woodchester Park,United Kingdom,SAMN10966095_1999_UK,1999,UK, Woodchester Park,51.7107,-2.2777
867,SAMN10966112,United Kingdom, England\, Woodchester Park,United Kingdom,SAMN10966112_2000_UK,2000,UK, Woodchester Park,51.7107,-2.2777
868,SAMN10966065,United Kingdom, England\, Woodchester Park,United Kingdom,SAMN10966065_2000_UK,2000,UK, Woodchester Park,51.7107,-2.2777
869,SAMN10966066,United Kingdom, England\, Woodchester Park,United Kingdom,SAMN10966066_2000_UK,2000,UK, Woodchester Park,51.7107,-2.2777
870,SAMN10966161,United Kingdom, England\, Woodchester Park,United Kingdom,SAMN10966161_2003_UK,2003,UK, Woodchester Park,51.7107,-2.2777
871,SAMN10966118,United Kingdom, England\, Woodchester Park,United Kingdom,SAMN10966118_2003_UK,2003,UK, Woodchester Park,51.7107,-2.2777
872,SAMN10966123,United Kingdom, England\, Woodchester Park,United Kingdom,SAMN10966123_2003_UK,2003,UK, Woodchester Park,51.7107,-2.2777
873,SAMN10966164,United Kingdom, England\, Woodchester Park,United Kingdom,SAMN10966164_2003_UK,2003,UK, Woodchester Park,51.7107,-2.2777
874,SAMN10966070,United Kingdom, England\, Woodchester Park,United Kingdom,SAMN10966070_2003_UK,2003,UK, Woodchester Park,51.7107,-2.2777
875,SAMN10966104,United Kingdom, England\, Woodchester Park,United Kingdom,SAMN10966104_2003_UK,2003,UK, Woodchester Park,51.7107,-2.2777
876,SAMN10966056,United Kingdom, England\, Woodchester Park,United Kingdom,SAMN10966056_2003_UK,2003,UK, Woodchester Park,51.7107,-2.2777
877,SAMN10966096,United Kingdom, England\, Woodchester Park,United Kingdom,SAMN10966096_2003_UK,2003,UK, Woodchester Park,51.7107,-2.2777
878,SAMN10966121,United Kingdom, England\, Woodchester Park,United Kingdom,SAMN10966121_2004_UK,2004,UK, Woodchester Park,51.7107,-2.2777
879,SAMN10966064,United Kingdom, England\, Woodchester Park,United Kingdom,SAMN10966064_2004_UK,2004,UK, Woodchester Park,51.7107,-2.2777
880,SAMN10966089,United Kingdom, England\, Woodchester Park,United Kingdom,SAMN10966089_2005_UK,2005,UK, Woodchester Park,51.7107,-2.2777
881,SAMN10966057,United Kingdom, England\, Woodchester Park,United Kingdom,SAMN10966057_2005_UK,2005,UK, Woodchester Park,51.7107,-2.2777
882,SAMN10966085,United Kingdom, England\, Woodchester Park,United Kingdom,SAMN10966085_2006_UK,2006,UK, Woodchester Park,51.7107,-2.2777
883,SAMN10966073,United Kingdom, England\, Woodchester Park,United Kingdom,SAMN10966073_2006_UK,2006,UK, Woodchester Park,51.7107,-2.2777
884,SAMN10966069,United Kingdom, England\, Woodchester Park,United Kingdom,SAMN10966069_2006_UK,2006,UK, Woodchester Park,51.7107,-2.2777
885,SAMN10966174,United Kingdom, England\, Woodchester Park,United Kingdom,SAMN10966174_2006_UK,2006,UK, Woodchester Park,51.7107,-2.2777
886,SAMN10966075,United Kingdom, England\, Woodchester Park,United Kingdom,SAMN10966075_2007_UK,2007,UK, Woodchester Park,51.7107,-2.2777
887,SAMN10966051,United Kingdom, England\, Woodchester Park,United Kingdom,SAMN10966051_2007_UK,2007,UK, Woodchester Park,51.7107,-2.2777
888,SAMN10966098,United Kingdom, England\, Woodchester Park,United Kingdom,SAMN10966098_2007_UK,2007,UK, Woodchester Park,51.7107,-2.2777
889,SAMN10966054,United Kingdom, England\, Woodchester Park,United Kingdom,SAMN10966054_2007_UK,2007,UK, Woodchester Park,51.7107,-2.2777
890,SAMN10966058,United Kingdom, England\, Woodchester Park,United Kingdom,SAMN10966058_2007_UK,2007,UK, Woodchester Park,51.7107,-2.2777
891,SAMN10966111,United Kingdom, England\, Woodchester Park,United Kingdom,SAMN10966111_2008_UK,2008,UK, Woodchester Park,51.7107,-2.2777
892,SAMN10966125,United Kingdom, England\, Woodchester Park,United Kingdom,SAMN10966125_2008_UK,2008,UK, Woodchester Park,51.7107,-2.2777
893,SAMN10966181,United Kingdom, England\, Woodchester Park,United Kingdom,SAMN10966181_2008_UK,2008,UK, Woodchester Park,51.7107,-2.2777
894,SAMN10966092,United Kingdom, England\, Woodchester Park,United Kingdom,SAMN10966092_2008_UK,2008,UK, Woodchester Park,51.7107,-2.2777
895,SAMN10966126,United Kingdom, England\, Woodchester Park,United Kingdom,SAMN10966126_2008_UK,2008,UK, Woodchester Park,51.7107,-2.2777
896,SAMN10966185,United Kingdom, England\, Woodchester Park,United Kingdom,SAMN10966185_2008_UK,2008,UK, Woodchester Park,51.7107,-2.2777
897,SAMN10966062,United Kingdom, England\, Woodchester Park,United Kingdom,SAMN10966062_2008_UK,2008,UK, Woodchester Park,51.7107,-2.2777
898,SAMN10966068,United Kingdom, England\, Woodchester Park,United Kingdom,SAMN10966068_2009_UK,2009,UK, Woodchester Park,51.7107,-2.2777
899,SAMN10966076,United Kingdom, England\, Woodchester Park,United Kingdom,SAMN10966076_2009_UK,2009,UK, Woodchester Park,51.7107,-2.2777
900,SAMN10966187,United Kingdom, England\, Woodchester Park,United Kingdom,SAMN10966187_2010_UK,2010,UK, Woodchester Park,51.7107,-2.2777
901,SAMN10966106,United Kingdom, England\, Woodchester Park,United Kingdom,SAMN10966106_2010_UK,2010,UK, Woodchester Park,51.7107,-2.2777
902,SAMN10966189,United Kingdom, England\, Woodchester Park,United Kingdom,SAMN10966189_2010_UK,2010,UK, Woodchester Park,51.7107,-2.2777
903,SAMN10966087,United Kingdom, England\, Woodchester Park,United Kingdom,SAMN10966087_2010_UK,2010,UK, Woodchester Park,51.7107,-2.2777
904,SAMN10966105,United Kingdom, England\, Woodchester Park,United Kingdom,SAMN10966105_2011_UK,2011,UK, Woodchester Park,51.7107,-2.2777
905,SAMN10966053,United Kingdom, England\, Woodchester Park,United Kingdom,SAMN10966053_2011_UK,2011,UK, Woodchester Park,51.7107,-2.2777
906,SAMN10966063,United Kingdom, England\, Woodchester Park,United Kingdom,SAMN10966063_2012_UK,2012,UK, Woodchester Park,51.7107,-2.2777
907,SAMN10966202,United Kingdom, England\, Woodchester Park,United Kingdom,SAMN10966202_2013_UK,2013,UK, Woodchester Park,51.7107,-2.2777
729,SAMN09725349,New Zealand,Arahura,NA,New Zealand,SAMN09725349_2013_NZ,2013,NZ,Arahura,-42.6667,171.0333
730,SAMN09725350,New Zealand,Arahura,NA,New Zealand,SAMN09725350_2013_NZ,2013,NZ,Arahura,-42.6667,171.0333
829,SAMN09725352,New Zealand,Arahura,NA,New Zealand,SAMN09725352_2017_NZ,2017,NZ,Arahura,-42.6667,171.0333
716,SAMN09725354,New Zealand,Avondale,NA,New Zealand,SAMN09725354_2011_NZ,2011,NZ,Avondale,-36.8936,174.6927
708,SAMN09725355,New Zealand,Awhitu,NA,New Zealand,SAMN09725355_2010_NZ,2010,NZ,Awhitu,-31.1117,174.6163
6,SAMN03300263,USA,AZ,NA,USA,SAMN03300263_2004_USA,2004,USA,AZ,34.048928,-111.093731
43,SAMN03300302,USA,AZ,NA,USA,SAMN03300302_2005_USA,2005,USA,AZ,34.048928,-111.093731
162,SAMN03300277,USA,AZ,NA,USA,SAMN03300277_2004_USA,2004,USA,AZ,34.048928,-111.093731
165,SAMN03300315,USA,AZ,NA,USA,SAMN03300315_2005_USA,2005,USA,AZ,34.048928,-111.093731
227,SAMN03300292,USA,AZ,NA,USA,SAMN03300292_2004_USA,2004,USA,AZ,34.048928,-111.093731
714,SAMN09725357,New Zealand,Balfour,NA,New Zealand,SAMN09725357_2011_NZ,2011,NZ,Balfour,-42.8365,168.5901
778,SAMN09725358,New Zealand,Barrytown Runanaga,NA,New Zealand,SAMN09725358_2016_NZ,2016,NZ,Barrytown Runanaga,-42.24999,171.31667
481,SAMN08321046,Canada,BC,NA,Canada,SAMN08321046_2011_Canada,2011,Canada,BC,53.7267,-127.6476
742,SAMN09725369,New Zealand,Blenheim,NA,New Zealand,SAMN09725369_2013_NZ,2013,NZ,Blenheim,-41.51603,173.9528
680,SAMN09725373,New Zealand,Bulls,NA,New Zealand,SAMN09725373_2008_NZ,2008,NZ,Bulls,-40.1746,175.3848
15,SAMN03300152,USA,CA,NA,USA,SAMN03300152_2002_USA,2002,USA,CA,36.778261,-119.417932
17,SAMN03300466,USA,CA,NA,USA,SAMN03300466_2008_USA,2008,USA,CA,36.778261,-119.417932
18,SAMN03300467,USA,CA,NA,USA,SAMN03300467_2008_USA,2008,USA,CA,36.778261,-119.417932
19,SAMN03300468,USA,CA,NA,USA,SAMN03300468_2008_USA,2008,USA,CA,36.778261,-119.417932
20,SAMN03300469,USA,CA,NA,USA,SAMN03300469_2008_USA,2008,USA,CA,36.778261,-119.417932
27,SAMN03300225,USA,CA,NA,USA,SAMN03300225_2003_USA,2003,USA,CA,36.778261,-119.417932
32,SAMN03300269,USA,CA,NA,USA,SAMN03300269_2004_USA,2004,USA,CA,36.778261,-119.417932
38,SAMN03300233,USA,CA,NA,USA,SAMN03300233_2003_USA,2003,USA,CA,36.778261,-119.417932
39,SAMN03300234,USA,CA,NA,USA,SAMN03300234_2003_USA,2003,USA,CA,36.778261,-119.417932
40,SAMN03300690,USA,CA,NA,USA,SAMN03300690_2012_USA,2012,USA,CA,36.778261,-119.417932
76,SAMN03300238,USA,CA,NA,USA,SAMN03300238_2003_USA,2003,USA,CA,36.778261,-119.417932
79,SAMN03300166,USA,CA,NA,USA,SAMN03300166_2002_USA,2002,USA,CA,36.778261,-119.417932
92,SAMN03300171,USA,CA,NA,USA,SAMN03300171_2002_USA,2002,USA,CA,36.778261,-119.417932
96,SAMN03300695,USA,CA,NA,USA,SAMN03300695_2012_USA,2012,USA,CA,36.778261,-119.417932
108,SAMN03300700,USA,CA,NA,USA,SAMN03300700_2012_USA,2012,USA,CA,36.778261,-119.417932
111,SAMN03300505,USA,CA,NA,USA,SAMN03300505_2008_USA,2008,USA,CA,36.778261,-119.417932
144,SAMN03300655,USA,CA,NA,USA,SAMN03300655_2011_USA,2011,USA,CA,36.778261,-119.417932
224,SAMN03300706,USA,CA,NA,USA,SAMN03300706_2012_USA,2012,USA,CA,36.778261,-119.417932
310,SAMN03300198,USA,CA,NA,USA,SAMN03300198_2003_USA,2003,USA,CA,36.778261,-119.417932
315,SAMN03300207,USA,CA,NA,USA,SAMN03300207_2003_USA,2003,USA,CA,36.778261,-119.417932
359,SAMN03300459,USA,CA,NA,USA,SAMN03300459_2008_USA,2008,USA,CA,36.778261,-119.417932
380,SAMN03300669,USA,CA,NA,USA,SAMN03300669_2012_USA,2012,USA,CA,36.778261,-119.417932
381,SAMN03300670,USA,CA,NA,USA,SAMN03300670_2012_USA,2012,USA,CA,36.778261,-119.417932
383,SAMN03300672,USA,CA,NA,USA,SAMN03300672_2012_USA,2012,USA,CA,36.778261,-119.417932
384,SAMN03300673,USA,CA,NA,USA,SAMN03300673_2012_USA,2012,USA,CA,36.778261,-119.417932
385,SAMN03300674,USA,CA,NA,USA,SAMN03300674_2012_USA,2012,USA,CA,36.778261,-119.417932
386,SAMN03300675,USA,CA,NA,USA,SAMN03300675_2012_USA,2012,USA,CA,36.778261,-119.417932
387,SAMN03300676,USA,CA,NA,USA,SAMN03300676_2012_USA,2012,USA,CA,36.778261,-119.417932
389,SAMN03300678,USA,CA,NA,USA,SAMN03300678_2012_USA,2012,USA,CA,36.778261,-119.417932
393,SAMN03300685,USA,CA,NA,USA,SAMN03300685_2012_USA,2012,USA,CA,36.778261,-119.417932
399,SAMN03300718,USA,CA,NA,USA,SAMN03300718_2013_USA,2013,USA,CA,36.778261,-119.417932
400,SAMN03300719,USA,CA,NA,USA,SAMN03300719_2013_USA,2013,USA,CA,36.778261,-119.417932
401,SAMN03300720,USA,CA,NA,USA,SAMN03300720_2013_USA,2013,USA,CA,36.778261,-119.417932
403,SAMN03300722,USA,CA,NA,USA,SAMN03300722_2013_USA,2013,USA,CA,36.778261,-119.417932
404,SAMN03300723,USA,CA,NA,USA,SAMN03300723_2013_USA,2013,USA,CA,36.778261,-119.417932
405,SAMN03300724,USA,CA,NA,USA,SAMN03300724_2013_USA,2013,USA,CA,36.778261,-119.417932
406,SAMN03300725,USA,CA,NA,USA,SAMN03300725_2013_USA,2013,USA,CA,36.778261,-119.417932
407,SAMN03300726,USA,CA,NA,USA,SAMN03300726_2013_USA,2013,USA,CA,36.778261,-119.417932
410,SAMN03300729,USA,CA,NA,USA,SAMN03300729_2013_USA,2013,USA,CA,36.778261,-119.417932
445,SAMN03300769,USA,CA,NA,USA,SAMN03300769_2013_USA,2013,USA,CA,36.778261,-119.417932
447,SAMN03300771,USA,CA,NA,USA,SAMN03300771_2013_USA,2013,USA,CA,36.778261,-119.417932
448,SAMN03300773,USA,CA,NA,USA,SAMN03300773_2013_USA,2013,USA,CA,36.778261,-119.417932
449,SAMN03300774,USA,CA,NA,USA,SAMN03300774_2013_USA,2013,USA,CA,36.778261,-119.417932
461,SAMN03300800,USA,CA,NA,USA,SAMN03300800_2013_USA,2013,USA,CA,36.778261,-119.417932
293,SAMN03300126,Canada,NA,NA,Canada,SAMN03300126_2002_Canada,2002,Canada,Canada,56.1304,-106.3468
792,SAMN09725377,New Zealand,Christchurch,NA,New Zealand,SAMN09725377_2016_NZ,2016,NZ,Christchurch,-43.532,172.6397
35,SAMN03300081,USA,CO,NA,USA,SAMN03300081_2001_USA,2001,USA,CO,39.550051,-105.782067
83,SAMN03300094,USA,CO,NA,USA,SAMN03300094_2001_USA,2001,USA,CO,39.550051,-105.782067
88,SAMN03300409,USA,CO,NA,USA,SAMN03300409_2007_USA,2007,USA,CO,39.550051,-105.782067
99,SAMN03300612,USA,CO,NA,USA,SAMN03300612_2010_USA,2010,USA,CO,39.550051,-105.782067
142,SAMN03300418,USA,CO,NA,USA,SAMN03300418_2007_USA,2007,USA,CO,39.550051,-105.782067
188,SAMN03300618,USA,CO,NA,USA,SAMN03300618_2010_USA,2010,USA,CO,39.550051,-105.782067
209,SAMN03300626,USA,CO,NA,USA,SAMN03300626_2010_USA,2010,USA,CO,39.550051,-105.782067
228,SAMN03300628,USA,CO,NA,USA,SAMN03300628_2010_USA,2010,USA,CO,39.550051,-105.782067
370,SAMN03300631,USA,CO,NA,USA,SAMN03300631_2011_USA,2011,USA,CO,39.550051,-105.782067
371,SAMN03300632,USA,CO,NA,USA,SAMN03300632_2011_USA,2011,USA,CO,39.550051,-105.782067
372,SAMN03300633,USA,CO,NA,USA,SAMN03300633_2011_USA,2011,USA,CO,39.550051,-105.782067
373,SAMN03300634,USA,CO,NA,USA,SAMN03300634_2011_USA,2011,USA,CO,39.550051,-105.782067
374,SAMN03300636,USA,CO,NA,USA,SAMN03300636_2011_USA,2011,USA,CO,39.550051,-105.782067
806,SAMN09725382,New Zealand,Coal Creek,NA,New Zealand,SAMN09725382_2017_NZ,2017,NZ,Coal Creek,-42.4436,171.2388
808,SAMN09725385,New Zealand,Collingwood,NA,New Zealand,SAMN09725385_2017_NZ,2017,NZ,Collingwood,-40.681,172.6739
825,SAMN09725383,New Zealand,Collingwood,NA,New Zealand,SAMN09725383_2017_NZ,2017,NZ,Collingwood,-40.681,172.6739
826,SAMN09725384,New Zealand,Collingwood,NA,New Zealand,SAMN09725384_2017_NZ,2017,NZ,Collingwood,-40.681,172.6739
758,SAMN09725388,New Zealand,Culverden,NA,New Zealand,SAMN09725388_2014_NZ,2014,NZ,Culverden,-42.7725,172.8493
822,SAMN09725387,New Zealand,Culverden,NA,New Zealand,SAMN09725387_2017_NZ,2017,NZ,Culverden,-42.7725,172.8493
840,SAMN09725389,New Zealand,Darfield,NA,New Zealand,SAMN09725389_2017_NZ,2017,NZ,Darfield,-43.4882,172.1057
722,SAMN09725394,New Zealand,Dobson,NA,New Zealand,SAMN09725394_2012_NZ,2012,NZ,Dobson,-42.4503,171.3102
781,SAMN09725392,New Zealand,Dobson,NA,New Zealand,SAMN09725392_2016_NZ,2016,NZ,Dobson,-42.4503,171.3102
782,SAMN09725393,New Zealand,Dobson,NA,New Zealand,SAMN09725393_2016_NZ,2016,NZ,Dobson,-42.4503,171.3102
793,SAMN09725391,New Zealand,Dobson,NA,New Zealand,SAMN09725391_2016_NZ,2016,NZ,Dobson,-42.4503,171.3102
816,SAMN09725399,New Zealand,Dobson,NA,New Zealand,SAMN09725399_2017_NZ,2017,NZ,Dobson,-42.4503,171.3102
817,SAMN09725398,New Zealand,Dobson,NA,New Zealand,SAMN09725398_2017_NZ,2017,NZ,Dobson,-42.4503,171.3102
820,SAMN09725397,New Zealand,Dobson,NA,New Zealand,SAMN09725397_2017_NZ,2017,NZ,Dobson,-42.4503,171.3102
798,SAMN09725400,New Zealand,Dunedin,NA,New Zealand,SAMN09725400_2016_NZ,2016,NZ,Dunedin,-45.8668,170.4911
676,SAMN09725408,New Zealand,Eltham,NA,New Zealand,SAMN09725408_2007_NZ,2007,NZ,Eltham,-39.4305,174.2977
499,SAMN06856014,Mexico, Baja California\,Ensenada,Mexico,SAMN06856014_2015_Mexico,2015,Mexico,Ensenada,31.865858,-116.607681
500,SAMN06856015,Mexico, Baja California\,Ensenada,Mexico,SAMN06856015_2015_Mexico,2015,Mexico,Ensenada,31.865858,-116.607681
510,SAMN06855968,Mexico, Baja California\,Ensenada,Mexico,SAMN06855968_2015_Mexico,2015,Mexico,Ensenada,31.865858,-116.607681
511,SAMN06855969,Mexico, Baja California\,Ensenada,Mexico,SAMN06855969_2015_Mexico,2015,Mexico,Ensenada,31.865858,-116.607681
512,SAMN06856010,Mexico, Baja California\,Ensenada,Mexico,SAMN06856010_2015_Mexico,2015,Mexico,Ensenada,31.865858,-116.607681
513,SAMN06855996,Mexico, Baja California\,Ensenada,Mexico,SAMN06855996_2015_Mexico,2015,Mexico,Ensenada,31.865858,-116.607681
514,SAMN06856011,Mexico, Baja California\,Ensenada,Mexico,SAMN06856011_2015_Mexico,2015,Mexico,Ensenada,31.865858,-116.607681
516,SAMN06856013,Mexico, Baja California\,Ensenada,Mexico,SAMN06856013_2015_Mexico,2015,Mexico,Ensenada,31.865858,-116.607681
523,SAMN06856007,Mexico, Baja California\,Ensenada,Mexico,SAMN06856007_2015_Mexico,2015,Mexico,Ensenada,31.865858,-116.607681
524,SAMN06856008,Mexico, Baja California\,Ensenada,Mexico,SAMN06856008_2015_Mexico,2015,Mexico,Ensenada,31.865858,-116.607681
533,SAMN06855963,Mexico, Baja California\,Ensenada,Mexico,SAMN06855963_2015_Mexico,2015,Mexico,Ensenada,31.865858,-116.607681
539,SAMN06855961,Mexico, Baja California\,Ensenada,Mexico,SAMN06855961_2015_Mexico,2015,Mexico,Ensenada,31.865858,-116.607681
540,SAMN06855960,Mexico, Baja California\,Ensenada,Mexico,SAMN06855960_2015_Mexico,2015,Mexico,Ensenada,31.865858,-116.607681
541,SAMN06855959,Mexico, Baja California\,Ensenada,Mexico,SAMN06855959_2015_Mexico,2015,Mexico,Ensenada,31.865858,-116.607681
542,SAMN06855958,Mexico, Baja California\,Ensenada,Mexico,SAMN06855958_2015_Mexico,2015,Mexico,Ensenada,31.865858,-116.607681
543,SAMN06855999,Mexico, Baja California\,Ensenada,Mexico,SAMN06855999_2015_Mexico,2015,Mexico,Ensenada,31.865858,-116.607681
544,SAMN06855957,Mexico, Baja California\,Ensenada,Mexico,SAMN06855957_2015_Mexico,2015,Mexico,Ensenada,31.865858,-116.607681
545,SAMN06855956,Mexico, Baja California\,Ensenada,Mexico,SAMN06855956_2015_Mexico,2015,Mexico,Ensenada,31.865858,-116.607681
553,SAMN06855945,Mexico, Baja California\,Ensenada,Mexico,SAMN06855945_2015_Mexico,2015,Mexico,Ensenada,31.865858,-116.607681
554,SAMN06855944,Mexico, Baja California\,Ensenada,Mexico,SAMN06855944_2015_Mexico,2015,Mexico,Ensenada,31.865858,-116.607681
558,SAMN06855965,Mexico, Baja California\,Ensenada,Mexico,SAMN06855965_2015_Mexico,2015,Mexico,Ensenada,31.865858,-116.607681
559,SAMN06855964,Mexico, Baja California\,Ensenada,Mexico,SAMN06855964_2015_Mexico,2015,Mexico,Ensenada,31.865858,-116.607681
569,SAMN06855998,Mexico, Baja California\,Ensenada,Mexico,SAMN06855998_2015_Mexico,2015,Mexico,Ensenada,31.865858,-116.607681
570,SAMN06855948,Mexico, Baja California\,Ensenada,Mexico,SAMN06855948_2015_Mexico,2015,Mexico,Ensenada,31.865858,-116.607681
571,SAMN06855949,Mexico, Baja California\,Ensenada,Mexico,SAMN06855949_2015_Mexico,2015,Mexico,Ensenada,31.865858,-116.607681
572,SAMN06855946,Mexico, Baja California\,Ensenada,Mexico,SAMN06855946_2015_Mexico,2015,Mexico,Ensenada,31.865858,-116.607681
573,SAMN06855947,Mexico, Baja California\,Ensenada,Mexico,SAMN06855947_2015_Mexico,2015,Mexico,Ensenada,31.865858,-116.607681
574,SAMN06855952,Mexico, Baja California\,Ensenada,Mexico,SAMN06855952_2015_Mexico,2015,Mexico,Ensenada,31.865858,-116.607681
575,SAMN06855953,Mexico, Baja California\,Ensenada,Mexico,SAMN06855953_2015_Mexico,2015,Mexico,Ensenada,31.865858,-116.607681
576,SAMN06855950,Mexico, Baja California\,Ensenada,Mexico,SAMN06855950_2015_Mexico,2015,Mexico,Ensenada,31.865858,-116.607681
577,SAMN06855951,Mexico, Baja California\,Ensenada,Mexico,SAMN06855951_2015_Mexico,2015,Mexico,Ensenada,31.865858,-116.607681
578,SAMN06855954,Mexico, Baja California\,Ensenada,Mexico,SAMN06855954_2015_Mexico,2015,Mexico,Ensenada,31.865858,-116.607681
579,SAMN06855955,Mexico, Baja California\,Ensenada,Mexico,SAMN06855955_2015_Mexico,2015,Mexico,Ensenada,31.865858,-116.607681
580,SAMN06856003,Mexico, Baja California\,Ensenada,Mexico,SAMN06856003_2015_Mexico,2015,Mexico,Ensenada,31.865858,-116.607681
581,SAMN06855966,Mexico, Baja California\,Ensenada,Mexico,SAMN06855966_2015_Mexico,2015,Mexico,Ensenada,31.865858,-116.607681
582,SAMN06855967,Mexico, Baja California\,Ensenada,Mexico,SAMN06855967_2015_Mexico,2015,Mexico,Ensenada,31.865858,-116.607681
583,SAMN06855970,Mexico, Baja California\,Ensenada,Mexico,SAMN06855970_2015_Mexico,2015,Mexico,Ensenada,31.865858,-116.607681
584,SAMN06855971,Mexico, Baja California\,Ensenada,Mexico,SAMN06855971_2015_Mexico,2015,Mexico,Ensenada,31.865858,-116.607681
585,SAMN06855973,Mexico, Baja California\,Ensenada,Mexico,SAMN06855973_2015_Mexico,2015,Mexico,Ensenada,31.865858,-116.607681
586,SAMN06855975,Mexico, Baja California\,Ensenada,Mexico,SAMN06855975_2015_Mexico,2015,Mexico,Ensenada,31.865858,-116.607681
587,SAMN06856005,Mexico, Baja California\,Ensenada,Mexico,SAMN06856005_2015_Mexico,2015,Mexico,Ensenada,31.865858,-116.607681
588,SAMN06856004,Mexico, Baja California\,Ensenada,Mexico,SAMN06856004_2015_Mexico,2015,Mexico,Ensenada,31.865858,-116.607681
589,SAMN06855962,Mexico, Baja California\,Ensenada,Mexico,SAMN06855962_2015_Mexico,2015,Mexico,Ensenada,31.865858,-116.607681
590,SAMN06856002,Mexico, Baja California\,Ensenada,Mexico,SAMN06856002_2015_Mexico,2015,Mexico,Ensenada,31.865858,-116.607681
591,SAMN06856001,Mexico, Baja California\,Ensenada,Mexico,SAMN06856001_2015_Mexico,2015,Mexico,Ensenada,31.865858,-116.607681
600,SAMN06855997,Mexico, Baja California\,Ensenada,Mexico,SAMN06855997_2015_Mexico,2015,Mexico,Ensenada,31.865858,-116.607681
601,SAMN06855985,Mexico, Baja California\,Ensenada,Mexico,SAMN06855985_2015_Mexico,2015,Mexico,Ensenada,31.865858,-116.607681
602,SAMN06855981,Mexico, Baja California\,Ensenada,Mexico,SAMN06855981_2015_Mexico,2015,Mexico,Ensenada,31.865858,-116.607681
603,SAMN06855980,Mexico, Baja California\,Ensenada,Mexico,SAMN06855980_2015_Mexico,2015,Mexico,Ensenada,31.865858,-116.607681
604,SAMN06855977,Mexico, Baja California\,Ensenada,Mexico,SAMN06855977_2015_Mexico,2015,Mexico,Ensenada,31.865858,-116.607681
605,SAMN06855976,Mexico, Baja California\,Ensenada,Mexico,SAMN06855976_2015_Mexico,2015,Mexico,Ensenada,31.865858,-116.607681
606,SAMN06855979,Mexico, Baja California\,Ensenada,Mexico,SAMN06855979_2015_Mexico,2015,Mexico,Ensenada,31.865858,-116.607681
607,SAMN06855978,Mexico, Baja California\,Ensenada,Mexico,SAMN06855978_2015_Mexico,2015,Mexico,Ensenada,31.865858,-116.607681
608,SAMN06856006,Mexico, Baja California\,Ensenada,Mexico,SAMN06856006_2015_Mexico,2015,Mexico,Ensenada,31.865858,-116.607681
609,SAMN06856019,Mexico, Baja California\,Ensenada,Mexico,SAMN06856019_2015_Mexico,2015,Mexico,Ensenada,31.865858,-116.607681
610,SAMN06856018,Mexico, Baja California\,Ensenada,Mexico,SAMN06856018_2015_Mexico,2015,Mexico,Ensenada,31.865858,-116.607681
611,SAMN06856017,Mexico, Baja California\,Ensenada,Mexico,SAMN06856017_2015_Mexico,2015,Mexico,Ensenada,31.865858,-116.607681
612,SAMN06856016,Mexico, Baja California\,Ensenada,Mexico,SAMN06856016_2015_Mexico,2015,Mexico,Ensenada,31.865858,-116.607681
613,SAMN06856021,Mexico, Baja California\,Ensenada,Mexico,SAMN06856021_2015_Mexico,2015,Mexico,Ensenada,31.865858,-116.607681
615,SAMN06855994,Mexico, Baja California\,Ensenada,Mexico,SAMN06855994_2015_Mexico,2015,Mexico,Ensenada,31.865858,-116.607681
616,SAMN06855995,Mexico, Baja California\,Ensenada,Mexico,SAMN06855995_2015_Mexico,2015,Mexico,Ensenada,31.865858,-116.607681
617,SAMN06855992,Mexico, Baja California\,Ensenada,Mexico,SAMN06855992_2015_Mexico,2015,Mexico,Ensenada,31.865858,-116.607681
618,SAMN06855993,Mexico, Baja California\,Ensenada,Mexico,SAMN06855993_2015_Mexico,2015,Mexico,Ensenada,31.865858,-116.607681
619,SAMN06855990,Mexico, Baja California\,Ensenada,Mexico,SAMN06855990_2015_Mexico,2015,Mexico,Ensenada,31.865858,-116.607681
620,SAMN06855991,Mexico, Baja California\,Ensenada,Mexico,SAMN06855991_2015_Mexico,2015,Mexico,Ensenada,31.865858,-116.607681
621,SAMN06855988,Mexico, Baja California\,Ensenada,Mexico,SAMN06855988_2015_Mexico,2015,Mexico,Ensenada,31.865858,-116.607681
622,SAMN06855989,Mexico, Baja California\,Ensenada,Mexico,SAMN06855989_2015_Mexico,2015,Mexico,Ensenada,31.865858,-116.607681
623,SAMN06855987,Mexico, Baja California\,Ensenada,Mexico,SAMN06855987_2015_Mexico,2015,Mexico,Ensenada,31.865858,-116.607681
824,SAMN09725409,New Zealand,Featherston,NA,New Zealand,SAMN09725409_2017_NZ,2017,NZ,Featherston,-41.116,175.3191
254,SAMN09812388,France,NA,NA,France,SAMN09812388_1983_France,1983,France,France,46.2276,2.2137
255,SAMN09812391,France,NA,NA,France,SAMN09812391_1989_France,1989,France,France,46.2276,2.2137
256,SAMN09812393,France,NA,NA,France,SAMN09812393_1991_France,1991,France,France,46.2276,2.2137
257,SAMN09812394,France,NA,NA,France,SAMN09812394_1991_France,1991,France,France,46.2276,2.2137
258,SAMN09812396,France,NA,NA,France,SAMN09812396_1992_France,1992,France,France,46.2276,2.2137
259,SAMN09812398,France,NA,NA,France,SAMN09812398_1994_France,1994,France,France,46.2276,2.2137
260,SAMN09812399,France,NA,NA,France,SAMN09812399_1994_France,1994,France,France,46.2276,2.2137
261,SAMN09812400,France,NA,NA,France,SAMN09812400_1995_France,1995,France,France,46.2276,2.2137
262,SAMN09812401,France,NA,NA,France,SAMN09812401_1995_France,1995,France,France,46.2276,2.2137
263,SAMN09812406,France,NA,NA,France,SAMN09812406_1997_France,1997,France,France,46.2276,2.2137
264,SAMN09812407,France,NA,NA,France,SAMN09812407_1997_France,1997,France,France,46.2276,2.2137
265,SAMN09812409,France,NA,NA,France,SAMN09812409_1998_France,1998,France,France,46.2276,2.2137
266,SAMN09812410,France,NA,NA,France,SAMN09812410_1998_France,1998,France,France,46.2276,2.2137
267,SAMN09812412,France,NA,NA,France,SAMN09812412_1999_France,1999,France,France,46.2276,2.2137
268,SAMN09812414,France,NA,NA,France,SAMN09812414_1999_France,1999,France,France,46.2276,2.2137
269,SAMN09812415,France,NA,NA,France,SAMN09812415_1999_France,1999,France,France,46.2276,2.2137
270,SAMN09812416,France,NA,NA,France,SAMN09812416_1999_France,1999,France,France,46.2276,2.2137
271,SAMN09812418,France,NA,NA,France,SAMN09812418_1999_France,1999,France,France,46.2276,2.2137
272,SAMN09812421,France,NA,NA,France,SAMN09812421_1999_France,1999,France,France,46.2276,2.2137
273,SAMN09812423,France,NA,NA,France,SAMN09812423_2000_France,2000,France,France,46.2276,2.2137
274,SAMN09812424,France,NA,NA,France,SAMN09812424_2000_France,2000,France,France,46.2276,2.2137
275,SAMN09812426,France,NA,NA,France,SAMN09812426_2000_France,2000,France,France,46.2276,2.2137
276,SAMN09812427,France,NA,NA,France,SAMN09812427_2000_France,2000,France,France,46.2276,2.2137
321,SAMN09812432,France,NA,NA,France,SAMN09812432_2004_France,2004,France,France,46.2276,2.2137
332,SAMN09812433,France,NA,NA,France,SAMN09812433_2006_France,2006,France,France,46.2276,2.2137
333,SAMN09812435,France,NA,NA,France,SAMN09812435_2006_France,2006,France,France,46.2276,2.2137
334,SAMN09812436,France,NA,NA,France,SAMN09812436_2006_France,2006,France,France,46.2276,2.2137
335,SAMN09812437,France,NA,NA,France,SAMN09812437_2006_France,2006,France,France,46.2276,2.2137
340,SAMN09812439,France,NA,NA,France,SAMN09812439_2007_France,2007,France,France,46.2276,2.2137
348,SAMN09812441,France,NA,NA,France,SAMN09812441_2008_France,2008,France,France,46.2276,2.2137
349,SAMN09812443,France,NA,NA,France,SAMN09812443_2008_France,2008,France,France,46.2276,2.2137
350,SAMN09812444,France,NA,NA,France,SAMN09812444_2008_France,2008,France,France,46.2276,2.2137
360,SAMN09812446,France,NA,NA,France,SAMN09812446_2009_France,2009,France,France,46.2276,2.2137
361,SAMN09812447,France,NA,NA,France,SAMN09812447_2009_France,2009,France,France,46.2276,2.2137
362,SAMN09812450,France,NA,NA,France,SAMN09812450_2009_France,2009,France,France,46.2276,2.2137
368,SAMN09812451,France,NA,NA,France,SAMN09812451_2010_France,2010,France,France,46.2276,2.2137
369,SAMN09812453,France,NA,NA,France,SAMN09812453_2010_France,2010,France,France,46.2276,2.2137
376,SAMN09812456,France,NA,NA,France,SAMN09812456_2011_France,2011,France,France,46.2276,2.2137
377,SAMN09812461,France,NA,NA,France,SAMN09812461_2011_France,2011,France,France,46.2276,2.2137
378,SAMN09812463,France,NA,NA,France,SAMN09812463_2011_France,2011,France,France,46.2276,2.2137
379,SAMN09812466,France,NA,NA,France,SAMN09812466_2011_France,2011,France,France,46.2276,2.2137
495,SAMN09812469,France,NA,NA,France,SAMN09812469_2011_France,2011,France,France,46.2276,2.2137
496,SAMN09812470,France,NA,NA,France,SAMN09812470_2011_France,2011,France,France,46.2276,2.2137
667,SAMN09725425,New Zealand,Greymouth,NA,New Zealand,SAMN09725425_2006_NZ,2006,NZ,Greymouth,-42.4487,171.211
832,SAMN09725428,New Zealand,Greymouth,NA,New Zealand,SAMN09725428_2017_NZ,2017,NZ,Greymouth,-42.4487,171.211
841,SAMN09725426,New Zealand,Greymouth,NA,New Zealand,SAMN09725426_2017_NZ,2017,NZ,Greymouth,-42.4487,171.211
842,SAMN09725427,New Zealand,Greymouth,NA,New Zealand,SAMN09725427_2017_NZ,2017,NZ,Greymouth,-42.4487,171.211
849,SAMN09725429,New Zealand,Greymouth,NA,New Zealand,SAMN09725429_2018_NZ,2018,NZ,Greymouth,-42.4487,171.211
731,SAMN09725434,New Zealand,Harihari,NA,New Zealand,SAMN09725434_2013_NZ,2013,NZ,Harihari,-43.1483,170.5515
757,SAMN09725436,New Zealand,Harihari,NA,New Zealand,SAMN09725436_2014_NZ,2014,NZ,Harihari,-43.1483,170.5515
687,SAMN09725459,New Zealand,Hawera,NA,New Zealand,SAMN09725459_2009_NZ,2009,NZ,Hawera,-39.5894,174.2837
771,SAMN09725460,New Zealand,Hawera,NA,New Zealand,SAMN09725460_2016_NZ,2016,NZ,Hawera,-39.5894,174.2837
487,SAMN03300852,USA,HI,NA,USA,SAMN03300852_1997_USA,1997,USA,HI,19.898682,-155.665857
712,SAMN09725468,New Zealand,Hokitika,NA,New Zealand,SAMN09725468_2011_NZ,2011,NZ,Hokitika,-42.7156,170.9681
728,SAMN09725473,New Zealand,Ikamatua,NA,New Zealand,SAMN09725473_2013_NZ,2013,NZ,Ikamatua,-42.272,171.6838
72,SAMN03300641,USA,IN,NA,USA,SAMN03300641_2011_USA,2011,USA,IN,40.551217,-85.602364
74,SAMN03300642,USA,IN,NA,USA,SAMN03300642_2011_USA,2011,USA,IN,40.551217,-85.602364
129,SAMN03300649,USA,IN,NA,USA,SAMN03300649_2011_USA,2011,USA,IN,40.551217,-85.602364
130,SAMN03300650,USA,IN,NA,USA,SAMN03300650_2011_USA,2011,USA,IN,40.551217,-85.602364
132,SAMN03300652,USA,IN,NA,USA,SAMN03300652_2011_USA,2011,USA,IN,40.551217,-85.602364
134,SAMN03300653,USA,IN,NA,USA,SAMN03300653_2011_USA,2011,USA,IN,40.551217,-85.602364
838,SAMN09725474,New Zealand,Inangahua,NA,New Zealand,SAMN09725474_2017_NZ,2017,NZ,Inangahua,-41.8589,171.9492
654,SAMN09725477,New Zealand,Inglewood,NA,New Zealand,SAMN09725477_2002_NZ,2002,NZ,Inglewood,-39.156,174.2074
715,SAMN09725479,New Zealand,Invercargil,NA,New Zealand,SAMN09725479_2011_NZ,2011,NZ,Invercargil,-46.4179,168.3615
736,SAMN09725493,New Zealand,Kaikoura,NA,New Zealand,SAMN09725493_2013_NZ,2013,NZ,Kaikoura,-42.3997,173.6795
740,SAMN09725488,New Zealand,Kaikoura,NA,New Zealand,SAMN09725488_2013_NZ,2013,NZ,Kaikoura,-42.3997,173.6795
741,SAMN09725489,New Zealand,Kaikoura,NA,New Zealand,SAMN09725489_2013_NZ,2013,NZ,Kaikoura,-42.3997,173.6795
743,SAMN09725485,New Zealand,Kaikoura,NA,New Zealand,SAMN09725485_2013_NZ,2013,NZ,Kaikoura,-42.3997,173.6795
744,SAMN09725484,New Zealand,Kaikoura,NA,New Zealand,SAMN09725484_2013_NZ,2013,NZ,Kaikoura,-42.3997,173.6795
745,SAMN09725487,New Zealand,Kaikoura,NA,New Zealand,SAMN09725487_2013_NZ,2013,NZ,Kaikoura,-42.3997,173.6795
746,SAMN09725486,New Zealand,Kaikoura,NA,New Zealand,SAMN09725486_2013_NZ,2013,NZ,Kaikoura,-42.3997,173.6795
747,SAMN09725491,New Zealand,Kaikoura,NA,New Zealand,SAMN09725491_2013_NZ,2013,NZ,Kaikoura,-42.3997,173.6795
689,SAMN09725497,New Zealand,Kaitaia,NA,New Zealand,SAMN09725497_2009_NZ,2009,NZ,Kaitaia,-35.1173,173.2676
776,SAMN09725505,New Zealand,Karamea,NA,New Zealand,SAMN09725505_2016_NZ,2016,NZ,Karamea,-41.2509,172.1282
794,SAMN09725502,New Zealand,Karamea,NA,New Zealand,SAMN09725502_2016_NZ,2016,NZ,Karamea,-41.2509,172.1282
796,SAMN09725506,New Zealand,Karamea,NA,New Zealand,SAMN09725506_2016_NZ,2016,NZ,Karamea,-41.2509,172.1282
801,SAMN09725503,New Zealand,Karamea,NA,New Zealand,SAMN09725503_2016_NZ,2016,NZ,Karamea,-41.2509,172.1282
811,SAMN09725509,New Zealand,Karamea,NA,New Zealand,SAMN09725509_2017_NZ,2017,NZ,Karamea,-41.2509,172.1282
813,SAMN09725508,New Zealand,Karamea,NA,New Zealand,SAMN09725508_2017_NZ,2017,NZ,Karamea,-41.2509,172.1282
846,SAMN09725510,New Zealand,Karamea,NA,New Zealand,SAMN09725510_2017_NZ,2017,NZ,Karamea,-41.2509,172.1282
787,SAMN09725516,New Zealand,Kekerengu,NA,New Zealand,SAMN09725516_2016_NZ,2016,NZ,Kekerengu,-42.0024,174.0091
753,SAMN09725524,New Zealand,Kokatahi,NA,New Zealand,SAMN09725524_2014_NZ,2014,NZ,Kokatahi,-42.8328,171.0334
732,SAMN09725527,New Zealand,Kowhitirangi,NA,New Zealand,SAMN09725527_2013_NZ,2013,NZ,Kowhitirangi,-42.8776,171.0143
756,SAMN09725528,New Zealand,Kowhitirangi,NA,New Zealand,SAMN09725528_2014_NZ,2014,NZ,Kowhitirangi,-42.8776,171.0143
135,SAMN03300104,USA,KS,NA,USA,SAMN03300104_2001_USA,2001,USA,KS,39.011902,-98.484246
278,SAMN03300053,USA,KS,NA,USA,SAMN03300053_2000_USA,2000,USA,KS,39.011902,-98.484246
723,SAMN09725535,New Zealand,Kumara,NA,New Zealand,SAMN09725535_2012_NZ,2012,NZ,Kumara,-42.6294,171.1851
773,SAMN09725534,New Zealand,Kumara,NA,New Zealand,SAMN09725534_2016_NZ,2016,NZ,Kumara,-42.6294,171.1851
774,SAMN09725533,New Zealand,Kumara,NA,New Zealand,SAMN09725533_2016_NZ,2016,NZ,Kumara,-42.6294,171.1851
819,SAMN09725537,New Zealand,Kumara,NA,New Zealand,SAMN09725537_2017_NZ,2017,NZ,Kumara,-42.6294,171.1851
833,SAMN09725536,New Zealand,Kumara,NA,New Zealand,SAMN09725536_2017_NZ,2017,NZ,Kumara,-42.6294,171.1851
702,SAMN09725539,New Zealand,Lee Flat,NA,New Zealand,SAMN09725539_2010_NZ,2010,NZ,Lee Flat,-45.8023,170.0081
655,SAMN09725550,New Zealand,Lumsden,NA,New Zealand,SAMN09725550_2002_NZ,2002,NZ,Lumsden,-45.7378,168.4418
668,SAMN09725554,New Zealand,Mangakino,NA,New Zealand,SAMN09725554_2006_NZ,2006,NZ,Mangakino,-38.3802,175.7319
480,SAMN08321029,Canada,MB,NA,Canada,SAMN08321029_2008_Canada,2008,Canada,MB,53.7609,-98.8139
525,SAMN06855930,Mexico, Baja California\,Mexicali,Mexico,SAMN06855930_2015_Mexico,2015,Mexico,Mexicali,32.663334,-115.467781
526,SAMN06855931,Mexico, Baja California\,Mexicali,Mexico,SAMN06855931_2015_Mexico,2015,Mexico,Mexicali,32.663334,-115.467781
527,SAMN06855932,Mexico, Baja California\,Mexicali,Mexico,SAMN06855932_2015_Mexico,2015,Mexico,Mexicali,32.663334,-115.467781
528,SAMN06855933,Mexico, Baja California\,Mexicali,Mexico,SAMN06855933_2015_Mexico,2015,Mexico,Mexicali,32.663334,-115.467781
529,SAMN06855926,Mexico, Baja California\,Mexicali,Mexico,SAMN06855926_2015_Mexico,2015,Mexico,Mexicali,32.663334,-115.467781
530,SAMN06855927,Mexico, Baja California\,Mexicali,Mexico,SAMN06855927_2015_Mexico,2015,Mexico,Mexicali,32.663334,-115.467781
531,SAMN06855929,Mexico, Baja California\,Mexicali,Mexico,SAMN06855929_2015_Mexico,2015,Mexico,Mexicali,32.663334,-115.467781
532,SAMN06855935,Mexico, Baja California\,Mexicali,Mexico,SAMN06855935_2015_Mexico,2015,Mexico,Mexicali,32.663334,-115.467781
546,SAMN06855937,Mexico, Baja California\,Mexicali,Mexico,SAMN06855937_2015_Mexico,2015,Mexico,Mexicali,32.663334,-115.467781
547,SAMN06855936,Mexico, Baja California\,Mexicali,Mexico,SAMN06855936_2015_Mexico,2015,Mexico,Mexicali,32.663334,-115.467781
548,SAMN06855939,Mexico, Baja California\,Mexicali,Mexico,SAMN06855939_2015_Mexico,2015,Mexico,Mexicali,32.663334,-115.467781
549,SAMN06855938,Mexico, Baja California\,Mexicali,Mexico,SAMN06855938_2015_Mexico,2015,Mexico,Mexicali,32.663334,-115.467781
550,SAMN06855941,Mexico, Baja California\,Mexicali,Mexico,SAMN06855941_2015_Mexico,2015,Mexico,Mexicali,32.663334,-115.467781
551,SAMN06855940,Mexico, Baja California\,Mexicali,Mexico,SAMN06855940_2015_Mexico,2015,Mexico,Mexicali,32.663334,-115.467781
552,SAMN06855942,Mexico, Baja California\,Mexicali,Mexico,SAMN06855942_2015_Mexico,2015,Mexico,Mexicali,32.663334,-115.467781
560,SAMN06855916,Mexico, Baja California\,Mexicali,Mexico,SAMN06855916_2015_Mexico,2015,Mexico,Mexicali,32.663334,-115.467781
561,SAMN06855917,Mexico, Baja California\,Mexicali,Mexico,SAMN06855917_2015_Mexico,2015,Mexico,Mexicali,32.663334,-115.467781
562,SAMN06855918,Mexico, Baja California\,Mexicali,Mexico,SAMN06855918_2015_Mexico,2015,Mexico,Mexicali,32.663334,-115.467781
563,SAMN06855919,Mexico, Baja California\,Mexicali,Mexico,SAMN06855919_2015_Mexico,2015,Mexico,Mexicali,32.663334,-115.467781
564,SAMN06855920,Mexico, Baja California\,Mexicali,Mexico,SAMN06855920_2015_Mexico,2015,Mexico,Mexicali,32.663334,-115.467781
565,SAMN06855921,Mexico, Baja California\,Mexicali,Mexico,SAMN06855921_2015_Mexico,2015,Mexico,Mexicali,32.663334,-115.467781
566,SAMN06855922,Mexico, Baja California\,Mexicali,Mexico,SAMN06855922_2015_Mexico,2015,Mexico,Mexicali,32.663334,-115.467781
567,SAMN06855923,Mexico, Baja California\,Mexicali,Mexico,SAMN06855923_2015_Mexico,2015,Mexico,Mexicali,32.663334,-115.467781
568,SAMN06855925,Mexico, Baja California\,Mexicali,Mexico,SAMN06855925_2015_Mexico,2015,Mexico,Mexicali,32.663334,-115.467781
1,SAMN03300359,Mexico,NA,NA,Mexico,SAMN03300359_2006_Mexico,2006,Mexico,Mexico,29.6345,-102.5528
2,SAMN03300067,Mexico,NA,NA,Mexico,SAMN03300067_2001_Mexico,2001,Mexico,Mexico,29.6345,-102.5528
3,SAMN03300220,Mexico,NA,NA,Mexico,SAMN03300220_2003_Mexico,2003,Mexico,Mexico,29.6345,-102.5528
4,SAMN03300261,Mexico,NA,NA,Mexico,SAMN03300261_2004_Mexico,2004,Mexico,Mexico,29.6345,-102.5528
5,SAMN03300262,Mexico,NA,NA,Mexico,SAMN03300262_2004_Mexico,2004,Mexico,Mexico,29.6345,-102.5528
7,SAMN03300529,Mexico,NA,NA,Mexico,SAMN03300529_2009_Mexico,2009,Mexico,Mexico,29.6345,-102.5528
9,SAMN03300530,Mexico,NA,NA,Mexico,SAMN03300530_2009_Mexico,2009,Mexico,Mexico,29.6345,-102.5528
10,SAMN03300222,Mexico,NA,NA,Mexico,SAMN03300222_2003_Mexico,2003,Mexico,Mexico,29.6345,-102.5528
11,SAMN03300687,Mexico,NA,NA,Mexico,SAMN03300687_2012_Mexico,2012,Mexico,Mexico,29.6345,-102.5528
12,SAMN03300688,Mexico,NA,NA,Mexico,SAMN03300688_2012_Mexico,2012,Mexico,Mexico,29.6345,-102.5528
24,SAMN03300078,Mexico,NA,NA,Mexico,SAMN03300078_2001_Mexico,2001,Mexico,Mexico,29.6345,-102.5528
26,SAMN03300471,Mexico,NA,NA,Mexico,SAMN03300471_2008_Mexico,2008,Mexico,Mexico,29.6345,-102.5528
31,SAMN03300080,Mexico,NA,NA,Mexico,SAMN03300080_2001_Mexico,2001,Mexico,Mexico,29.6345,-102.5528
33,SAMN03300154,Mexico,NA,NA,Mexico,SAMN03300154_2002_Mexico,2002,Mexico,Mexico,29.6345,-102.5528
34,SAMN03300229,Mexico,NA,NA,Mexico,SAMN03300229_2003_Mexico,2003,Mexico,Mexico,29.6345,-102.5528
36,SAMN03300476,Mexico,NA,NA,Mexico,SAMN03300476_2008_Mexico,2008,Mexico,Mexico,29.6345,-102.5528
37,SAMN03300082,Mexico,NA,NA,Mexico,SAMN03300082_2001_Mexico,2001,Mexico,Mexico,29.6345,-102.5528
41,SAMN03300155,Mexico,NA,NA,Mexico,SAMN03300155_2002_Mexico,2002,Mexico,Mexico,29.6345,-102.5528
42,SAMN03300156,Mexico,NA,NA,Mexico,SAMN03300156_2002_Mexico,2002,Mexico,Mexico,29.6345,-102.5528
44,SAMN03300157,Mexico,NA,NA,Mexico,SAMN03300157_2002_Mexico,2002,Mexico,Mexico,29.6345,-102.5528
45,SAMN03300158,Mexico,NA,NA,Mexico,SAMN03300158_2002_Mexico,2002,Mexico,Mexico,29.6345,-102.5528
46,SAMN03300363,Mexico,NA,NA,Mexico,SAMN03300363_2006_Mexico,2006,Mexico,Mexico,29.6345,-102.5528
47,SAMN03300160,Mexico,NA,NA,Mexico,SAMN03300160_2002_Mexico,2002,Mexico,Mexico,29.6345,-102.5528
49,SAMN03300235,Mexico,NA,NA,Mexico,SAMN03300235_2003_Mexico,2003,Mexico,Mexico,29.6345,-102.5528
52,SAMN03300162,Mexico,NA,NA,Mexico,SAMN03300162_2002_Mexico,2002,Mexico,Mexico,29.6345,-102.5528
60,SAMN03300366,Mexico,NA,NA,Mexico,SAMN03300366_2006_Mexico,2006,Mexico,Mexico,29.6345,-102.5528
62,SAMN03300639,Mexico,NA,NA,Mexico,SAMN03300639_2011_Mexico,2011,Mexico,Mexico,29.6345,-102.5528
63,SAMN03300087,Mexico,NA,NA,Mexico,SAMN03300087_2001_Mexico,2001,Mexico,Mexico,29.6345,-102.5528
64,SAMN03300236,Mexico,NA,NA,Mexico,SAMN03300236_2003_Mexico,2003,Mexico,Mexico,29.6345,-102.5528
66,SAMN03300691,Mexico,NA,NA,Mexico,SAMN03300691_2012_Mexico,2012,Mexico,Mexico,29.6345,-102.5528
68,SAMN03300237,Mexico,NA,NA,Mexico,SAMN03300237_2003_Mexico,2003,Mexico,Mexico,29.6345,-102.5528
70,SAMN03300164,Mexico,NA,NA,Mexico,SAMN03300164_2002_Mexico,2002,Mexico,Mexico,29.6345,-102.5528
71,SAMN03300165,Mexico,NA,NA,Mexico,SAMN03300165_2002_Mexico,2002,Mexico,Mexico,29.6345,-102.5528
75,SAMN03300090,Mexico,NA,NA,Mexico,SAMN03300090_2001_Mexico,2001,Mexico,Mexico,29.6345,-102.5528
78,SAMN03300093,Mexico,NA,NA,Mexico,SAMN03300093_2001_Mexico,2001,Mexico,Mexico,29.6345,-102.5528
81,SAMN03300167,Mexico,NA,NA,Mexico,SAMN03300167_2002_Mexico,2002,Mexico,Mexico,29.6345,-102.5528
84,SAMN03300095,Mexico,NA,NA,Mexico,SAMN03300095_2001_Mexico,2001,Mexico,Mexico,29.6345,-102.5528
85,SAMN03300371,Mexico,NA,NA,Mexico,SAMN03300371_2006_Mexico,2006,Mexico,Mexico,29.6345,-102.5528
86,SAMN03300169,Mexico,NA,NA,Mexico,SAMN03300169_2002_Mexico,2002,Mexico,Mexico,29.6345,-102.5528
87,SAMN03300241,Mexico,NA,NA,Mexico,SAMN03300241_2003_Mexico,2003,Mexico,Mexico,29.6345,-102.5528
90,SAMN03300490,Mexico,NA,NA,Mexico,SAMN03300490_2008_Mexico,2008,Mexico,Mexico,29.6345,-102.5528
94,SAMN03300098,Mexico,NA,NA,Mexico,SAMN03300098_2001_Mexico,2001,Mexico,Mexico,29.6345,-102.5528
95,SAMN03300644,Mexico,NA,NA,Mexico,SAMN03300644_2011_Mexico,2011,Mexico,Mexico,29.6345,-102.5528
97,SAMN03300174,Mexico,NA,NA,Mexico,SAMN03300174_2002_Mexico,2002,Mexico,Mexico,29.6345,-102.5528
104,SAMN03300271,Mexico,NA,NA,Mexico,SAMN03300271_2004_Mexico,2004,Mexico,Mexico,29.6345,-102.5528
109,SAMN03300244,Mexico,NA,NA,Mexico,SAMN03300244_2003_Mexico,2003,Mexico,Mexico,29.6345,-102.5528
110,SAMN03300245,Mexico,NA,NA,Mexico,SAMN03300245_2003_Mexico,2003,Mexico,Mexico,29.6345,-102.5528
114,SAMN03300701,Mexico,NA,NA,Mexico,SAMN03300701_2012_Mexico,2012,Mexico,Mexico,29.6345,-102.5528
115,SAMN03300100,Mexico,NA,NA,Mexico,SAMN03300100_2001_Mexico,2001,Mexico,Mexico,29.6345,-102.5528
123,SAMN03300374,Mexico,NA,NA,Mexico,SAMN03300374_2006_Mexico,2006,Mexico,Mexico,29.6345,-102.5528
124,SAMN03300101,Mexico,NA,NA,Mexico,SAMN03300101_2001_Mexico,2001,Mexico,Mexico,29.6345,-102.5528
125,SAMN03300273,Mexico,NA,NA,Mexico,SAMN03300273_2004_Mexico,2004,Mexico,Mexico,29.6345,-102.5528
126,SAMN03300102,Mexico,NA,NA,Mexico,SAMN03300102_2001_Mexico,2001,Mexico,Mexico,29.6345,-102.5528
127,SAMN03300274,Mexico,NA,NA,Mexico,SAMN03300274_2004_Mexico,2004,Mexico,Mexico,29.6345,-102.5528
133,SAMN03300310,Mexico,NA,NA,Mexico,SAMN03300310_2005_Mexico,2005,Mexico,Mexico,29.6345,-102.5528
136,SAMN03300311,Mexico,NA,NA,Mexico,SAMN03300311_2005_Mexico,2005,Mexico,Mexico,29.6345,-102.5528
137,SAMN03300275,Mexico,NA,NA,Mexico,SAMN03300275_2004_Mexico,2004,Mexico,Mexico,29.6345,-102.5528
139,SAMN03300106,Mexico,NA,NA,Mexico,SAMN03300106_2001_Mexico,2001,Mexico,Mexico,29.6345,-102.5528
140,SAMN03300108,Mexico,NA,NA,Mexico,SAMN03300108_2001_Mexico,2001,Mexico,Mexico,29.6345,-102.5528
141,SAMN03300312,Mexico,NA,NA,Mexico,SAMN03300312_2005_Mexico,2005,Mexico,Mexico,29.6345,-102.5528
143,SAMN03300109,Mexico,NA,NA,Mexico,SAMN03300109_2001_Mexico,2001,Mexico,Mexico,29.6345,-102.5528
145,SAMN03300110,Mexico,NA,NA,Mexico,SAMN03300110_2001_Mexico,2001,Mexico,Mexico,29.6345,-102.5528
148,SAMN03300421,Mexico,NA,NA,Mexico,SAMN03300421_2007_Mexico,2007,Mexico,Mexico,29.6345,-102.5528
149,SAMN03300422,Mexico,NA,NA,Mexico,SAMN03300422_2007_Mexico,2007,Mexico,Mexico,29.6345,-102.5528
150,SAMN03300423,Mexico,NA,NA,Mexico,SAMN03300423_2007_Mexico,2007,Mexico,Mexico,29.6345,-102.5528
151,SAMN03300180,Mexico,NA,NA,Mexico,SAMN03300180_2002_Mexico,2002,Mexico,Mexico,29.6345,-102.5528
152,SAMN03300181,Mexico,NA,NA,Mexico,SAMN03300181_2002_Mexico,2002,Mexico,Mexico,29.6345,-102.5528
153,SAMN03300182,Mexico,NA,NA,Mexico,SAMN03300182_2002_Mexico,2002,Mexico,Mexico,29.6345,-102.5528
155,SAMN03300313,Mexico,NA,NA,Mexico,SAMN03300313_2005_Mexico,2005,Mexico,Mexico,29.6345,-102.5528
159,SAMN03300424,Mexico,NA,NA,Mexico,SAMN03300424_2007_Mexico,2007,Mexico,Mexico,29.6345,-102.5528
160,SAMN03300248,Mexico,NA,NA,Mexico,SAMN03300248_2003_Mexico,2003,Mexico,Mexico,29.6345,-102.5528
161,SAMN03300378,Mexico,NA,NA,Mexico,SAMN03300378_2006_Mexico,2006,Mexico,Mexico,29.6345,-102.5528
163,SAMN03300314,Mexico,NA,NA,Mexico,SAMN03300314_2005_Mexico,2005,Mexico,Mexico,29.6345,-102.5528
164,SAMN03300113,Mexico,NA,NA,Mexico,SAMN03300113_2001_Mexico,2001,Mexico,Mexico,29.6345,-102.5528
167,SAMN03300249,Mexico,NA,NA,Mexico,SAMN03300249_2003_Mexico,2003,Mexico,Mexico,29.6345,-102.5528
168,SAMN03300184,Mexico,NA,NA,Mexico,SAMN03300184_2002_Mexico,2002,Mexico,Mexico,29.6345,-102.5528
170,SAMN03300187,Mexico,NA,NA,Mexico,SAMN03300187_2002_Mexico,2002,Mexico,Mexico,29.6345,-102.5528
172,SAMN03300189,Mexico,NA,NA,Mexico,SAMN03300189_2002_Mexico,2002,Mexico,Mexico,29.6345,-102.5528
174,SAMN03300116,Mexico,NA,NA,Mexico,SAMN03300116_2001_Mexico,2001,Mexico,Mexico,29.6345,-102.5528
175,SAMN03300316,Mexico,NA,NA,Mexico,SAMN03300316_2005_Mexico,2005,Mexico,Mexico,29.6345,-102.5528
176,SAMN03300117,Mexico,NA,NA,Mexico,SAMN03300117_2001_Mexico,2001,Mexico,Mexico,29.6345,-102.5528
177,SAMN03300191,Mexico,NA,NA,Mexico,SAMN03300191_2002_Mexico,2002,Mexico,Mexico,29.6345,-102.5528
178,SAMN03300192,Mexico,NA,NA,Mexico,SAMN03300192_2002_Mexico,2002,Mexico,Mexico,29.6345,-102.5528
179,SAMN03300118,Mexico,NA,NA,Mexico,SAMN03300118_2001_Mexico,2001,Mexico,Mexico,29.6345,-102.5528
180,SAMN03300193,Mexico,NA,NA,Mexico,SAMN03300193_2002_Mexico,2002,Mexico,Mexico,29.6345,-102.5528
181,SAMN03300194,Mexico,NA,NA,Mexico,SAMN03300194_2002_Mexico,2002,Mexico,Mexico,29.6345,-102.5528
182,SAMN03300195,Mexico,NA,NA,Mexico,SAMN03300195_2002_Mexico,2002,Mexico,Mexico,29.6345,-102.5528
183,SAMN03300317,Mexico,NA,NA,Mexico,SAMN03300317_2005_Mexico,2005,Mexico,Mexico,29.6345,-102.5528
184,SAMN03300513,Mexico,NA,NA,Mexico,SAMN03300513_2008_Mexico,2008,Mexico,Mexico,29.6345,-102.5528
185,SAMN03300318,Mexico,NA,NA,Mexico,SAMN03300318_2005_Mexico,2005,Mexico,Mexico,29.6345,-102.5528
187,SAMN03300250,Mexico,NA,NA,Mexico,SAMN03300250_2003_Mexico,2003,Mexico,Mexico,29.6345,-102.5528
189,SAMN03300703,Mexico,NA,NA,Mexico,SAMN03300703_2012_Mexico,2012,Mexico,Mexico,29.6345,-102.5528
190,SAMN03300656,Mexico,NA,NA,Mexico,SAMN03300656_2011_Mexico,2011,Mexico,Mexico,29.6345,-102.5528
191,SAMN03300658,Mexico,NA,NA,Mexico,SAMN03300658_2011_Mexico,2011,Mexico,Mexico,29.6345,-102.5528
193,SAMN03300281,Mexico,NA,NA,Mexico,SAMN03300281_2004_Mexico,2004,Mexico,Mexico,29.6345,-102.5528
194,SAMN03300282,Mexico,NA,NA,Mexico,SAMN03300282_2004_Mexico,2004,Mexico,Mexico,29.6345,-102.5528
195,SAMN03300516,Mexico,NA,NA,Mexico,SAMN03300516_2008_Mexico,2008,Mexico,Mexico,29.6345,-102.5528
196,SAMN03300429,Mexico,NA,NA,Mexico,SAMN03300429_2007_Mexico,2007,Mexico,Mexico,29.6345,-102.5528
197,SAMN03300659,Mexico,NA,NA,Mexico,SAMN03300659_2011_Mexico,2011,Mexico,Mexico,29.6345,-102.5528
198,SAMN03300660,Mexico,NA,NA,Mexico,SAMN03300660_2011_Mexico,2011,Mexico,Mexico,29.6345,-102.5528
200,SAMN03300320,Mexico,NA,NA,Mexico,SAMN03300320_2005_Mexico,2005,Mexico,Mexico,29.6345,-102.5528
203,SAMN03300284,Mexico,NA,NA,Mexico,SAMN03300284_2004_Mexico,2004,Mexico,Mexico,29.6345,-102.5528
206,SAMN03300432,Mexico,NA,NA,Mexico,SAMN03300432_2007_Mexico,2007,Mexico,Mexico,29.6345,-102.5528
207,SAMN03300285,Mexico,NA,NA,Mexico,SAMN03300285_2004_Mexico,2004,Mexico,Mexico,29.6345,-102.5528
210,SAMN03300324,Mexico,NA,NA,Mexico,SAMN03300324_2005_Mexico,2005,Mexico,Mexico,29.6345,-102.5528
212,SAMN03300665,Mexico,NA,NA,Mexico,SAMN03300665_2011_Mexico,2011,Mexico,Mexico,29.6345,-102.5528
213,SAMN03300286,Mexico,NA,NA,Mexico,SAMN03300286_2004_Mexico,2004,Mexico,Mexico,29.6345,-102.5528
217,SAMN03300705,Mexico,NA,NA,Mexico,SAMN03300705_2012_Mexico,2012,Mexico,Mexico,29.6345,-102.5528
218,SAMN03300667,Mexico,NA,NA,Mexico,SAMN03300667_2011_Mexico,2011,Mexico,Mexico,29.6345,-102.5528
219,SAMN03300384,Mexico,NA,NA,Mexico,SAMN03300384_2006_Mexico,2006,Mexico,Mexico,29.6345,-102.5528
220,SAMN03300327,Mexico,NA,NA,Mexico,SAMN03300327_2005_Mexico,2005,Mexico,Mexico,29.6345,-102.5528
221,SAMN03300385,Mexico,NA,NA,Mexico,SAMN03300385_2006_Mexico,2006,Mexico,Mexico,29.6345,-102.5528
223,SAMN03300328,Mexico,NA,NA,Mexico,SAMN03300328_2005_Mexico,2005,Mexico,Mexico,29.6345,-102.5528
225,SAMN03300387,Mexico,NA,NA,Mexico,SAMN03300387_2006_Mexico,2006,Mexico,Mexico,29.6345,-102.5528
226,SAMN03300520,Mexico,NA,NA,Mexico,SAMN03300520_2008_Mexico,2008,Mexico,Mexico,29.6345,-102.5528
232,SAMN03300388,Mexico,NA,NA,Mexico,SAMN03300388_2006_Mexico,2006,Mexico,Mexico,29.6345,-102.5528
233,SAMN03300389,Mexico,NA,NA,Mexico,SAMN03300389_2006_Mexico,2006,Mexico,Mexico,29.6345,-102.5528
234,SAMN03300331,Mexico,NA,NA,Mexico,SAMN03300331_2005_Mexico,2005,Mexico,Mexico,29.6345,-102.5528
235,SAMN03300707,Mexico,NA,NA,Mexico,SAMN03300707_2012_Mexico,2012,Mexico,Mexico,29.6345,-102.5528
236,SAMN03300599,Mexico,NA,NA,Mexico,SAMN03300599_2009_Mexico,2009,Mexico,Mexico,29.6345,-102.5528
237,SAMN03300668,Mexico,NA,NA,Mexico,SAMN03300668_2011_Mexico,2011,Mexico,Mexico,29.6345,-102.5528
247,SAMN03300711,Mexico,NA,NA,Mexico,SAMN03300711_2012_Mexico,2012,Mexico,Mexico,29.6345,-102.5528
282,SAMN03300058,Mexico,NA,NA,Mexico,SAMN03300058_2001_Mexico,2001,Mexico,Mexico,29.6345,-102.5528
283,SAMN03300060,Mexico,NA,NA,Mexico,SAMN03300060_2001_Mexico,2001,Mexico,Mexico,29.6345,-102.5528
284,SAMN03300061,Mexico,NA,NA,Mexico,SAMN03300061_2001_Mexico,2001,Mexico,Mexico,29.6345,-102.5528
285,SAMN03300062,Mexico,NA,NA,Mexico,SAMN03300062_2001_Mexico,2001,Mexico,Mexico,29.6345,-102.5528
286,SAMN03300063,Mexico,NA,NA,Mexico,SAMN03300063_2001_Mexico,2001,Mexico,Mexico,29.6345,-102.5528
287,SAMN03300064,Mexico,NA,NA,Mexico,SAMN03300064_2001_Mexico,2001,Mexico,Mexico,29.6345,-102.5528
288,SAMN03300119,Mexico,NA,NA,Mexico,SAMN03300119_2002_Mexico,2002,Mexico,Mexico,29.6345,-102.5528
289,SAMN03300120,Mexico,NA,NA,Mexico,SAMN03300120_2002_Mexico,2002,Mexico,Mexico,29.6345,-102.5528
290,SAMN03300121,Mexico,NA,NA,Mexico,SAMN03300121_2002_Mexico,2002,Mexico,Mexico,29.6345,-102.5528
291,SAMN03300123,Mexico,NA,NA,Mexico,SAMN03300123_2002_Mexico,2002,Mexico,Mexico,29.6345,-102.5528
292,SAMN03300125,Mexico,NA,NA,Mexico,SAMN03300125_2002_Mexico,2002,Mexico,Mexico,29.6345,-102.5528
295,SAMN03300128,Mexico,NA,NA,Mexico,SAMN03300128_2002_Mexico,2002,Mexico,Mexico,29.6345,-102.5528
298,SAMN03300135,Mexico,NA,NA,Mexico,SAMN03300135_2002_Mexico,2002,Mexico,Mexico,29.6345,-102.5528
299,SAMN03300136,Mexico,NA,NA,Mexico,SAMN03300136_2002_Mexico,2002,Mexico,Mexico,29.6345,-102.5528
300,SAMN03300139,Mexico,NA,NA,Mexico,SAMN03300139_2002_Mexico,2002,Mexico,Mexico,29.6345,-102.5528
301,SAMN03300140,Mexico,NA,NA,Mexico,SAMN03300140_2002_Mexico,2002,Mexico,Mexico,29.6345,-102.5528
302,SAMN03300141,Mexico,NA,NA,Mexico,SAMN03300141_2002_Mexico,2002,Mexico,Mexico,29.6345,-102.5528
304,SAMN03300143,Mexico,NA,NA,Mexico,SAMN03300143_2002_Mexico,2002,Mexico,Mexico,29.6345,-102.5528
305,SAMN03300144,Mexico,NA,NA,Mexico,SAMN03300144_2002_Mexico,2002,Mexico,Mexico,29.6345,-102.5528
306,SAMN03300145,Mexico,NA,NA,Mexico,SAMN03300145_2002_Mexico,2002,Mexico,Mexico,29.6345,-102.5528
307,SAMN03300146,Mexico,NA,NA,Mexico,SAMN03300146_2002_Mexico,2002,Mexico,Mexico,29.6345,-102.5528
308,SAMN03300148,Mexico,NA,NA,Mexico,SAMN03300148_2002_Mexico,2002,Mexico,Mexico,29.6345,-102.5528
309,SAMN03300149,Mexico,NA,NA,Mexico,SAMN03300149_2002_Mexico,2002,Mexico,Mexico,29.6345,-102.5528
312,SAMN03300202,Mexico,NA,NA,Mexico,SAMN03300202_2003_Mexico,2003,Mexico,Mexico,29.6345,-102.5528
313,SAMN03300204,Mexico,NA,NA,Mexico,SAMN03300204_2003_Mexico,2003,Mexico,Mexico,29.6345,-102.5528
314,SAMN03300205,Mexico,NA,NA,Mexico,SAMN03300205_2003_Mexico,2003,Mexico,Mexico,29.6345,-102.5528
316,SAMN03300208,Mexico,NA,NA,Mexico,SAMN03300208_2003_Mexico,2003,Mexico,Mexico,29.6345,-102.5528
317,SAMN03300209,Mexico,NA,NA,Mexico,SAMN03300209_2003_Mexico,2003,Mexico,Mexico,29.6345,-102.5528
320,SAMN03300251,Mexico,NA,NA,Mexico,SAMN03300251_2004_Mexico,2004,Mexico,Mexico,29.6345,-102.5528
323,SAMN03300253,Mexico,NA,NA,Mexico,SAMN03300253_2004_Mexico,2004,Mexico,Mexico,29.6345,-102.5528
324,SAMN03300254,Mexico,NA,NA,Mexico,SAMN03300254_2004_Mexico,2004,Mexico,Mexico,29.6345,-102.5528
325,SAMN03300258,Mexico,NA,NA,Mexico,SAMN03300258_2004_Mexico,2004,Mexico,Mexico,29.6345,-102.5528
329,SAMN03300295,Mexico,NA,NA,Mexico,SAMN03300295_2005_Mexico,2005,Mexico,Mexico,29.6345,-102.5528
330,SAMN03300296,Mexico,NA,NA,Mexico,SAMN03300296_2005_Mexico,2005,Mexico,Mexico,29.6345,-102.5528
331,SAMN03300300,Mexico,NA,NA,Mexico,SAMN03300300_2005_Mexico,2005,Mexico,Mexico,29.6345,-102.5528
339,SAMN03300356,Mexico,NA,NA,Mexico,SAMN03300356_2006_Mexico,2006,Mexico,Mexico,29.6345,-102.5528
341,SAMN03300394,Mexico,NA,NA,Mexico,SAMN03300394_2007_Mexico,2007,Mexico,Mexico,29.6345,-102.5528
343,SAMN03300397,Mexico,NA,NA,Mexico,SAMN03300397_2007_Mexico,2007,Mexico,Mexico,29.6345,-102.5528
344,SAMN03300398,Mexico,NA,NA,Mexico,SAMN03300398_2007_Mexico,2007,Mexico,Mexico,29.6345,-102.5528
345,SAMN03300399,Mexico,NA,NA,Mexico,SAMN03300399_2007_Mexico,2007,Mexico,Mexico,29.6345,-102.5528
347,SAMN03300404,Mexico,NA,NA,Mexico,SAMN03300404_2007_Mexico,2007,Mexico,Mexico,29.6345,-102.5528
351,SAMN03300446,Mexico,NA,NA,Mexico,SAMN03300446_2008_Mexico,2008,Mexico,Mexico,29.6345,-102.5528
357,SAMN03300457,Mexico,NA,NA,Mexico,SAMN03300457_2008_Mexico,2008,Mexico,Mexico,29.6345,-102.5528
375,SAMN03300637,Mexico,NA,NA,Mexico,SAMN03300637_2011_Mexico,2011,Mexico,Mexico,29.6345,-102.5528
382,SAMN03300671,Mexico,NA,NA,Mexico,SAMN03300671_2012_Mexico,2012,Mexico,Mexico,29.6345,-102.5528
394,SAMN03300686,Mexico,NA,NA,Mexico,SAMN03300686_2012_Mexico,2012,Mexico,Mexico,29.6345,-102.5528
395,SAMN03300712,Mexico,NA,NA,Mexico,SAMN03300712_2013_Mexico,2013,Mexico,Mexico,29.6345,-102.5528
397,SAMN03300714,Mexico,NA,NA,Mexico,SAMN03300714_2013_Mexico,2013,Mexico,Mexico,29.6345,-102.5528
398,SAMN03300716,Mexico,NA,NA,Mexico,SAMN03300716_2013_Mexico,2013,Mexico,Mexico,29.6345,-102.5528
402,SAMN03300721,Mexico,NA,NA,Mexico,SAMN03300721_2013_Mexico,2013,Mexico,Mexico,29.6345,-102.5528
408,SAMN03300727,Mexico,NA,NA,Mexico,SAMN03300727_2013_Mexico,2013,Mexico,Mexico,29.6345,-102.5528
420,SAMN03300742,Mexico,NA,NA,Mexico,SAMN03300742_2013_Mexico,2013,Mexico,Mexico,29.6345,-102.5528
443,SAMN03300767,Mexico,NA,NA,Mexico,SAMN03300767_2013_Mexico,2013,Mexico,Mexico,29.6345,-102.5528
444,SAMN03300768,Mexico,NA,NA,Mexico,SAMN03300768_2013_Mexico,2013,Mexico,Mexico,29.6345,-102.5528
452,SAMN03300780,Mexico,NA,NA,Mexico,SAMN03300780_2013_Mexico,2013,Mexico,Mexico,29.6345,-102.5528
457,SAMN03300796,Mexico,NA,NA,Mexico,SAMN03300796_2013_Mexico,2013,Mexico,Mexico,29.6345,-102.5528
460,SAMN03300799,Mexico,NA,NA,Mexico,SAMN03300799_2013_Mexico,2013,Mexico,Mexico,29.6345,-102.5528
464,SAMN03300803,Mexico,NA,NA,Mexico,SAMN03300803_2013_Mexico,2013,Mexico,Mexico,29.6345,-102.5528
465,SAMN03300805,Mexico,NA,NA,Mexico,SAMN03300805_2013_Mexico,2013,Mexico,Mexico,29.6345,-102.5528
467,SAMN03300807,Mexico,NA,NA,Mexico,SAMN03300807_2013_Mexico,2013,Mexico,Mexico,29.6345,-102.5528
763,SAMN14336444,Mexico,NA,NA,Mexico,SAMN14336444_2016_Mexico,2016,Mexico,Mexico,29.6345,-102.5528
764,SAMN14336436,Mexico,NA,NA,Mexico,SAMN14336436_2016_Mexico,2016,Mexico,Mexico,29.6345,-102.5528
765,SAMN14336429,Mexico,NA,NA,Mexico,SAMN14336429_2016_Mexico,2016,Mexico,Mexico,29.6345,-102.5528
766,SAMN14336419,Mexico,NA,NA,Mexico,SAMN14336419_2016_Mexico,2016,Mexico,Mexico,29.6345,-102.5528
767,SAMN14336423,Mexico,NA,NA,Mexico,SAMN14336423_2016_Mexico,2016,Mexico,Mexico,29.6345,-102.5528
768,SAMN14336446,Mexico,NA,NA,Mexico,SAMN14336446_2016_Mexico,2016,Mexico,Mexico,29.6345,-102.5528
769,SAMN14336435,Mexico,NA,NA,Mexico,SAMN14336435_2016_Mexico,2016,Mexico,Mexico,29.6345,-102.5528
770,SAMN14336433,Mexico,NA,NA,Mexico,SAMN14336433_2016_Mexico,2016,Mexico,Mexico,29.6345,-102.5528
21,SAMN03300074,USA,MI,NA,USA,SAMN03300074_2001_USA,2001,USA,MI,44.314844,-85.602364
22,SAMN03300076,USA,MI,NA,USA,SAMN03300076_2001_USA,2001,USA,MI,44.314844,-85.602364
23,SAMN03300077,USA,MI,NA,USA,SAMN03300077_2001_USA,2001,USA,MI,44.314844,-85.602364
25,SAMN03300470,USA,MI,NA,USA,SAMN03300470_2008_USA,2008,USA,MI,44.314844,-85.602364
51,SAMN03300161,USA,MI,NA,USA,SAMN03300161_2002_USA,2002,USA,MI,44.314844,-85.602364
61,SAMN03300408,USA,MI,NA,USA,SAMN03300408_2007_USA,2007,USA,MI,44.314844,-85.602364
67,SAMN03300088,USA,MI,NA,USA,SAMN03300088_2001_USA,2001,USA,MI,44.314844,-85.602364
73,SAMN03300089,USA,MI,NA,USA,SAMN03300089_2001_USA,2001,USA,MI,44.314844,-85.602364
82,SAMN03300168,USA,MI,NA,USA,SAMN03300168_2002_USA,2002,USA,MI,44.314844,-85.602364
89,SAMN03300170,USA,MI,NA,USA,SAMN03300170_2002_USA,2002,USA,MI,44.314844,-85.602364
91,SAMN03300096,USA,MI,NA,USA,SAMN03300096_2001_USA,2001,USA,MI,44.314844,-85.602364
93,SAMN03300643,USA,MI,NA,USA,SAMN03300643_2011_USA,2011,USA,MI,44.314844,-85.602364
100,SAMN03300175,USA,MI,NA,USA,SAMN03300175_2002_USA,2002,USA,MI,44.314844,-85.602364
116,SAMN03300646,USA,MI,NA,USA,SAMN03300646_2011_USA,2011,USA,MI,44.314844,-85.602364
117,SAMN03300647,USA,MI,NA,USA,SAMN03300647_2011_USA,2011,USA,MI,44.314844,-85.602364
118,SAMN03300648,USA,MI,NA,USA,SAMN03300648_2011_USA,2011,USA,MI,44.314844,-85.602364
119,SAMN03300613,USA,MI,NA,USA,SAMN03300613_2010_USA,2010,USA,MI,44.314844,-85.602364
120,SAMN03300614,USA,MI,NA,USA,SAMN03300614_2010_USA,2010,USA,MI,44.314844,-85.602364
122,SAMN03300176,USA,MI,NA,USA,SAMN03300176_2002_USA,2002,USA,MI,44.314844,-85.602364
131,SAMN03300651,USA,MI,NA,USA,SAMN03300651_2011_USA,2011,USA,MI,44.314844,-85.602364
138,SAMN03300376,USA,MI,NA,USA,SAMN03300376_2006_USA,2006,USA,MI,44.314844,-85.602364
154,SAMN03300702,USA,MI,NA,USA,SAMN03300702_2012_USA,2012,USA,MI,44.314844,-85.602364
156,SAMN03300615,USA,MI,NA,USA,SAMN03300615_2010_USA,2010,USA,MI,44.314844,-85.602364
158,SAMN03300183,USA,MI,NA,USA,SAMN03300183_2002_USA,2002,USA,MI,44.314844,-85.602364
169,SAMN03300115,USA,MI,NA,USA,SAMN03300115_2001_USA,2001,USA,MI,44.314844,-85.602364
186,SAMN03300197,USA,MI,NA,USA,SAMN03300197_2002_USA,2002,USA,MI,44.314844,-85.602364
192,SAMN03300381,USA,MI,NA,USA,SAMN03300381_2006_USA,2006,USA,MI,44.314844,-85.602364
199,SAMN03300283,USA,MI,NA,USA,SAMN03300283_2004_USA,2004,USA,MI,44.314844,-85.602364
202,SAMN03300624,USA,MI,NA,USA,SAMN03300624_2010_USA,2010,USA,MI,44.314844,-85.602364
205,SAMN03300664,USA,MI,NA,USA,SAMN03300664_2011_USA,2011,USA,MI,44.314844,-85.602364
214,SAMN03300287,USA,MI,NA,USA,SAMN03300287_2004_USA,2004,USA,MI,44.314844,-85.602364
215,SAMN03300288,USA,MI,NA,USA,SAMN03300288_2004_USA,2004,USA,MI,44.314844,-85.602364
216,SAMN03300289,USA,MI,NA,USA,SAMN03300289_2004_USA,2004,USA,MI,44.314844,-85.602364
229,SAMN03300629,USA,MI,NA,USA,SAMN03300629_2010_USA,2010,USA,MI,44.314844,-85.602364
230,SAMN03300630,USA,MI,NA,USA,SAMN03300630_2010_USA,2010,USA,MI,44.314844,-85.602364
238,SAMN03300709,USA,MI,NA,USA,SAMN03300709_2012_USA,2012,USA,MI,44.314844,-85.602364
239,SAMN03300710,USA,MI,NA,USA,SAMN03300710_2012_USA,2012,USA,MI,44.314844,-85.602364
277,SAMN03300051,USA,MI,NA,USA,SAMN03300051_2000_USA,2000,USA,MI,44.314844,-85.602364
280,SAMN03300056,USA,MI,NA,USA,SAMN03300056_2000_USA,2000,USA,MI,44.314844,-85.602364
281,SAMN03300057,USA,MI,NA,USA,SAMN03300057_2000_USA,2000,USA,MI,44.314844,-85.602364
296,SAMN03300130,USA,MI,NA,USA,SAMN03300130_2002_USA,2002,USA,MI,44.314844,-85.602364
297,SAMN03300133,USA,MI,NA,USA,SAMN03300133_2002_USA,2002,USA,MI,44.314844,-85.602364
318,SAMN03300215,USA,MI,NA,USA,SAMN03300215_2003_USA,2003,USA,MI,44.314844,-85.602364
322,SAMN03300252,USA,MI,NA,USA,SAMN03300252_2004_USA,2004,USA,MI,44.314844,-85.602364
327,SAMN03300260,USA,MI,NA,USA,SAMN03300260_2004_USA,2004,USA,MI,44.314844,-85.602364
356,SAMN03300456,USA,MI,NA,USA,SAMN03300456_2008_USA,2008,USA,MI,44.314844,-85.602364
367,SAMN03300601,USA,MI,NA,USA,SAMN03300601_2010_USA,2010,USA,MI,44.314844,-85.602364
392,SAMN03300683,USA,MI,NA,USA,SAMN03300683_2012_USA,2012,USA,MI,44.314844,-85.602364
409,SAMN03300728,USA,MI,NA,USA,SAMN03300728_2013_USA,2013,USA,MI,44.314844,-85.602364
411,SAMN03300731,USA,MI,NA,USA,SAMN03300731_2013_USA,2013,USA,MI,44.314844,-85.602364
412,SAMN03300732,USA,MI,NA,USA,SAMN03300732_2013_USA,2013,USA,MI,44.314844,-85.602364
413,SAMN03300733,USA,MI,NA,USA,SAMN03300733_2013_USA,2013,USA,MI,44.314844,-85.602364
414,SAMN03300734,USA,MI,NA,USA,SAMN03300734_2013_USA,2013,USA,MI,44.314844,-85.602364
415,SAMN03300735,USA,MI,NA,USA,SAMN03300735_2013_USA,2013,USA,MI,44.314844,-85.602364
416,SAMN03300737,USA,MI,NA,USA,SAMN03300737_2013_USA,2013,USA,MI,44.314844,-85.602364
417,SAMN03300738,USA,MI,NA,USA,SAMN03300738_2013_USA,2013,USA,MI,44.314844,-85.602364
418,SAMN03300739,USA,MI,NA,USA,SAMN03300739_2013_USA,2013,USA,MI,44.314844,-85.602364
419,SAMN03300741,USA,MI,NA,USA,SAMN03300741_2013_USA,2013,USA,MI,44.314844,-85.602364
421,SAMN03300743,USA,MI,NA,USA,SAMN03300743_2013_USA,2013,USA,MI,44.314844,-85.602364
422,SAMN03300744,USA,MI,NA,USA,SAMN03300744_2013_USA,2013,USA,MI,44.314844,-85.602364
423,SAMN03300745,USA,MI,NA,USA,SAMN03300745_2013_USA,2013,USA,MI,44.314844,-85.602364
424,SAMN03300746,USA,MI,NA,USA,SAMN03300746_2013_USA,2013,USA,MI,44.314844,-85.602364
425,SAMN03300747,USA,MI,NA,USA,SAMN03300747_2013_USA,2013,USA,MI,44.314844,-85.602364
426,SAMN03300748,USA,MI,NA,USA,SAMN03300748_2013_USA,2013,USA,MI,44.314844,-85.602364
427,SAMN03300749,USA,MI,NA,USA,SAMN03300749_2013_USA,2013,USA,MI,44.314844,-85.602364
428,SAMN03300751,USA,MI,NA,USA,SAMN03300751_2013_USA,2013,USA,MI,44.314844,-85.602364
429,SAMN03300752,USA,MI,NA,USA,SAMN03300752_2013_USA,2013,USA,MI,44.314844,-85.602364
430,SAMN03300753,USA,MI,NA,USA,SAMN03300753_2013_USA,2013,USA,MI,44.314844,-85.602364
431,SAMN03300754,USA,MI,NA,USA,SAMN03300754_2013_USA,2013,USA,MI,44.314844,-85.602364
432,SAMN03300756,USA,MI,NA,USA,SAMN03300756_2013_USA,2013,USA,MI,44.314844,-85.602364
433,SAMN03300757,USA,MI,NA,USA,SAMN03300757_2013_USA,2013,USA,MI,44.314844,-85.602364
434,SAMN03300758,USA,MI,NA,USA,SAMN03300758_2013_USA,2013,USA,MI,44.314844,-85.602364
435,SAMN03300759,USA,MI,NA,USA,SAMN03300759_2013_USA,2013,USA,MI,44.314844,-85.602364
436,SAMN03300760,USA,MI,NA,USA,SAMN03300760_2013_USA,2013,USA,MI,44.314844,-85.602364
437,SAMN03300761,USA,MI,NA,USA,SAMN03300761_2013_USA,2013,USA,MI,44.314844,-85.602364
438,SAMN03300762,USA,MI,NA,USA,SAMN03300762_2013_USA,2013,USA,MI,44.314844,-85.602364
439,SAMN03300763,USA,MI,NA,USA,SAMN03300763_2013_USA,2013,USA,MI,44.314844,-85.602364
440,SAMN03300764,USA,MI,NA,USA,SAMN03300764_2013_USA,2013,USA,MI,44.314844,-85.602364
441,SAMN03300765,USA,MI,NA,USA,SAMN03300765_2013_USA,2013,USA,MI,44.314844,-85.602364
442,SAMN03300766,USA,MI,NA,USA,SAMN03300766_2013_USA,2013,USA,MI,44.314844,-85.602364
446,SAMN03300770,USA,MI,NA,USA,SAMN03300770_2013_USA,2013,USA,MI,44.314844,-85.602364
450,SAMN03300776,USA,MI,NA,USA,SAMN03300776_2013_USA,2013,USA,MI,44.314844,-85.602364
451,SAMN03300777,USA,MI,NA,USA,SAMN03300777_2013_USA,2013,USA,MI,44.314844,-85.602364
454,SAMN03300791,USA,MI,NA,USA,SAMN03300791_2013_USA,2013,USA,MI,44.314844,-85.602364
455,SAMN03300792,USA,MI,NA,USA,SAMN03300792_2013_USA,2013,USA,MI,44.314844,-85.602364
456,SAMN03300794,USA,MI,NA,USA,SAMN03300794_2013_USA,2013,USA,MI,44.314844,-85.602364
458,SAMN03300797,USA,MI,NA,USA,SAMN03300797_2013_USA,2013,USA,MI,44.314844,-85.602364
459,SAMN03300798,USA,MI,NA,USA,SAMN03300798_2013_USA,2013,USA,MI,44.314844,-85.602364
470,SAMN03300814,USA,MI,NA,USA,SAMN03300814_2014_USA,2014,USA,MI,44.314844,-85.602364
471,SAMN03300816,USA,MI,NA,USA,SAMN03300816_2014_USA,2014,USA,MI,44.314844,-85.602364
472,SAMN03300822,USA,MI,NA,USA,SAMN03300822_2014_USA,2014,USA,MI,44.314844,-85.602364
473,SAMN03300823,USA,MI,NA,USA,SAMN03300823_2014_USA,2014,USA,MI,44.314844,-85.602364
474,SAMN03300825,USA,MI,NA,USA,SAMN03300825_2014_USA,2014,USA,MI,44.314844,-85.602364
475,SAMN03300826,USA,MI,NA,USA,SAMN03300826_2014_USA,2014,USA,MI,44.314844,-85.602364
476,SAMN03300827,USA,MI,NA,USA,SAMN03300827_2014_USA,2014,USA,MI,44.314844,-85.602364
477,SAMN03300828,USA,MI,NA,USA,SAMN03300828_2014_USA,2014,USA,MI,44.314844,-85.602364
478,SAMN03300829,USA,MI,NA,USA,SAMN03300829_2014_USA,2014,USA,MI,44.314844,-85.602364
483,SAMN03300841,USA,MI,NA,USA,SAMN03300841_1994_USA,1994,USA,MI,44.314844,-85.602364
488,SAMN03300859,USA,MI,NA,USA,SAMN03300859_1998_USA,1998,USA,MI,44.314844,-85.602364
489,SAMN03300861,USA,MI,NA,USA,SAMN03300861_1999_USA,1999,USA,MI,44.314844,-85.602364
491,SAMN03300865,USA,MI,NA,USA,SAMN03300865_1999_USA,1999,USA,MI,44.314844,-85.602364
492,SAMN03300866,USA,MI,NA,USA,SAMN03300866_1999_USA,1999,USA,MI,44.314844,-85.602364
493,SAMN03300867,USA,MI,NA,USA,SAMN03300867_1999_USA,1999,USA,MI,44.314844,-85.602364
494,SAMN03300868,USA,MI,NA,USA,SAMN03300868_1999_USA,1999,USA,MI,44.314844,-85.602364
624,SAMN04386732,USA,Michigan,NA,USA,SAMN04386732_2014_USA,2014,USA,Michigan,44.314844,-85.602364
625,SAMN04386733,USA,Michigan,NA,USA,SAMN04386733_2014_USA,2014,USA,Michigan,44.314844,-85.602364
626,SAMN04386734,USA,Michigan,NA,USA,SAMN04386734_2014_USA,2014,USA,Michigan,44.314844,-85.602364
627,SAMN04386735,USA,Michigan,NA,USA,SAMN04386735_2014_USA,2014,USA,Michigan,44.314844,-85.602364
628,SAMN04386736,USA,Michigan,NA,USA,SAMN04386736_2014_USA,2014,USA,Michigan,44.314844,-85.602364
629,SAMN04386737,USA,Michigan,NA,USA,SAMN04386737_2014_USA,2014,USA,Michigan,44.314844,-85.602364
630,SAMN04386738,USA,Michigan,NA,USA,SAMN04386738_2014_USA,2014,USA,Michigan,44.314844,-85.602364
631,SAMN04386739,USA,Michigan,NA,USA,SAMN04386739_2014_USA,2014,USA,Michigan,44.314844,-85.602364
632,SAMN04386740,USA,Michigan,NA,USA,SAMN04386740_2014_USA,2014,USA,Michigan,44.314844,-85.602364
633,SAMN04386742,USA,Michigan,NA,USA,SAMN04386742_2014_USA,2014,USA,Michigan,44.314844,-85.602364
634,SAMN04386741,USA,Michigan,NA,USA,SAMN04386741_2014_USA,2014,USA,Michigan,44.314844,-85.602364
635,SAMN04386743,USA,Michigan,NA,USA,SAMN04386743_2014_USA,2014,USA,Michigan,44.314844,-85.602364
636,SAMN04386744,USA,Michigan,NA,USA,SAMN04386744_2014_USA,2014,USA,Michigan,44.314844,-85.602364
637,SAMN04386745,USA,Michigan,NA,USA,SAMN04386745_2014_USA,2014,USA,Michigan,44.314844,-85.602364
638,SAMN04386746,USA,Michigan,NA,USA,SAMN04386746_2014_USA,2014,USA,Michigan,44.314844,-85.602364
639,SAMN04386747,USA,Michigan,NA,USA,SAMN04386747_2014_USA,2014,USA,Michigan,44.314844,-85.602364
640,SAMN04386748,USA,Michigan,NA,USA,SAMN04386748_2014_USA,2014,USA,Michigan,44.314844,-85.602364
641,SAMN04386749,USA,Michigan,NA,USA,SAMN04386749_2014_USA,2014,USA,Michigan,44.314844,-85.602364
642,SAMN04386750,USA,Michigan,NA,USA,SAMN04386750_2014_USA,2014,USA,Michigan,44.314844,-85.602364
643,SAMN04386751,USA,Michigan,NA,USA,SAMN04386751_2014_USA,2014,USA,Michigan,44.314844,-85.602364
789,SAMN09725560,New Zealand,Middlemarch,NA,New Zealand,SAMN09725560_2016_NZ,2016,NZ,Middlemarch,-45.5077,170.1192
28,SAMN03300472,USA,MN,NA,USA,SAMN03300472_2008_USA,2008,USA,MN,46.729553,-94.6859
29,SAMN03300473,USA,MN,NA,USA,SAMN03300473_2008_USA,2008,USA,MN,46.729553,-94.6859
30,SAMN03300474,USA,MN,NA,USA,SAMN03300474_2008_USA,2008,USA,MN,46.729553,-94.6859
48,SAMN03300364,USA,MN,NA,USA,SAMN03300364_2006_USA,2006,USA,MN,46.729553,-94.6859
50,SAMN03300365,USA,MN,NA,USA,SAMN03300365_2006_USA,2006,USA,MN,46.729553,-94.6859
53,SAMN03300535,USA,MN,NA,USA,SAMN03300535_2009_USA,2009,USA,MN,46.729553,-94.6859
54,SAMN03300536,USA,MN,NA,USA,SAMN03300536_2009_USA,2009,USA,MN,46.729553,-94.6859
55,SAMN03300537,USA,MN,NA,USA,SAMN03300537_2009_USA,2009,USA,MN,46.729553,-94.6859
56,SAMN03300538,USA,MN,NA,USA,SAMN03300538_2009_USA,2009,USA,MN,46.729553,-94.6859
57,SAMN03300539,USA,MN,NA,USA,SAMN03300539_2009_USA,2009,USA,MN,46.729553,-94.6859
58,SAMN03300540,USA,MN,NA,USA,SAMN03300540_2009_USA,2009,USA,MN,46.729553,-94.6859
59,SAMN03300541,USA,MN,NA,USA,SAMN03300541_2009_USA,2009,USA,MN,46.729553,-94.6859
248,SAMN03300337,USA,MN,NA,USA,SAMN03300337_2005_USA,2005,USA,MN,46.729553,-94.6859
249,SAMN03300338,USA,MN,NA,USA,SAMN03300338_2005_USA,2005,USA,MN,46.729553,-94.6859
250,SAMN03300339,USA,MN,NA,USA,SAMN03300339_2005_USA,2005,USA,MN,46.729553,-94.6859
251,SAMN03300341,USA,MN,NA,USA,SAMN03300341_2005_USA,2005,USA,MN,46.729553,-94.6859
252,SAMN03300342,USA,MN,NA,USA,SAMN03300342_2005_USA,2005,USA,MN,46.729553,-94.6859
253,SAMN03300343,USA,MN,NA,USA,SAMN03300343_2005_USA,2005,USA,MN,46.729553,-94.6859
303,SAMN03300142,USA,MN,NA,USA,SAMN03300142_2002_USA,2002,USA,MN,46.729553,-94.6859
328,SAMN03300293,USA,MN,NA,USA,SAMN03300293_2005_USA,2005,USA,MN,46.729553,-94.6859
336,SAMN03300352,USA,MN,NA,USA,SAMN03300352_2006_USA,2006,USA,MN,46.729553,-94.6859
337,SAMN03300354,USA,MN,NA,USA,SAMN03300354_2006_USA,2006,USA,MN,46.729553,-94.6859
338,SAMN03300355,USA,MN,NA,USA,SAMN03300355_2006_USA,2006,USA,MN,46.729553,-94.6859
342,SAMN03300396,USA,MN,NA,USA,SAMN03300396_2007_USA,2007,USA,MN,46.729553,-94.6859
352,SAMN03300448,USA,MN,NA,USA,SAMN03300448_2008_USA,2008,USA,MN,46.729553,-94.6859
358,SAMN03300458,USA,MN,NA,USA,SAMN03300458_2008_USA,2008,USA,MN,46.729553,-94.6859
363,SAMN03300524,USA,MN,NA,USA,SAMN03300524_2009_USA,2009,USA,MN,46.729553,-94.6859
364,SAMN03300525,USA,MN,NA,USA,SAMN03300525_2009_USA,2009,USA,MN,46.729553,-94.6859
365,SAMN03300526,USA,MN,NA,USA,SAMN03300526_2009_USA,2009,USA,MN,46.729553,-94.6859
16,SAMN03300073,USA,MO,NA,USA,SAMN03300073_2001_USA,2001,USA,MO,37.964253,-91.831833
657,SAMN09725566,New Zealand,Molesworth Station,NA,New Zealand,SAMN09725566_2003_NZ,2003,NZ,Molesworth Station,-42.0863,173.2591
675,SAMN09725571,New Zealand,Morrinsville,NA,New Zealand,SAMN09725571_2007_NZ,2007,NZ,Morrinsville,-37.6592,175.5291
80,SAMN03300608,USA,MS,NA,USA,SAMN03300608_2010_USA,2010,USA,MS,32.354668,-89.398528
713,SAMN09725574,New Zealand,MtAlgidus,NA,New Zealand,SAMN09725574_2011_NZ,2011,NZ,MtAlgidus,-43.2396,171.3532
786,SAMN09725579,New Zealand,MtCargill,NA,New Zealand,SAMN09725579_2016_NZ,2016,NZ,MtCargill,-45.8167,170.55
656,SAMN09725597,New Zealand,Napier,NA,New Zealand,SAMN09725597_2003_NZ,2003,NZ,Napier,-39.4919,176.9136
704,SAMN09725598,New Zealand,Napier,NA,New Zealand,SAMN09725598_2010_NZ,2010,NZ,Napier,-39.4919,176.9136
366,SAMN03300527,USA,ND,NA,USA,SAMN03300527_2009_USA,2009,USA,ND,47.551493,-101.002012
453,SAMN03300787,USA,ND,NA,USA,SAMN03300787_2013_USA,2013,USA,ND,47.551493,-101.002012
468,SAMN03300808,USA,ND,NA,USA,SAMN03300808_2013_USA,2013,USA,ND,47.551493,-101.002012
490,SAMN03300862,USA,ND,NA,USA,SAMN03300862_1999_USA,1999,USA,ND,47.551493,-101.002012
65,SAMN03300479,USA,NE,NA,USA,SAMN03300479_2008_USA,2008,USA,NE,41.492537,-99.901813
101,SAMN03300551,USA,NE,NA,USA,SAMN03300551_2009_USA,2009,USA,NE,41.492537,-99.901813
146,SAMN03300561,USA,NE,NA,USA,SAMN03300561_2009_USA,2009,USA,NE,41.492537,-99.901813
147,SAMN03300562,USA,NE,NA,USA,SAMN03300562_2009_USA,2009,USA,NE,41.492537,-99.901813
201,SAMN03300663,USA,NE,NA,USA,SAMN03300663_2011_USA,2011,USA,NE,41.492537,-99.901813
463,SAMN03300802,USA,NE,NA,USA,SAMN03300802_2013_USA,2013,USA,NE,41.492537,-99.901813
673,SAMN09725602,New Zealand,Ngamatea,NA,New Zealand,SAMN09725602_2007_NZ,2007,NZ,Ngamatea,-39.4285,176.2478
121,SAMN03300272,USA,NM,NA,USA,SAMN03300272_2004_USA,2004,USA,NM,34.97273,-105.032363
128,SAMN03300246,USA,NM,NA,USA,SAMN03300246_2003_USA,2003,USA,NM,34.97273,-105.032363
171,SAMN03300188,USA,NM,NA,USA,SAMN03300188_2002_USA,2002,USA,NM,34.97273,-105.032363
173,SAMN03300278,USA,NM,NA,USA,SAMN03300278_2004_USA,2004,USA,NM,34.97273,-105.032363
208,SAMN03300433,USA,NM,NA,USA,SAMN03300433_2007_USA,2007,USA,NM,34.97273,-105.032363
222,SAMN03300437,USA,NM,NA,USA,SAMN03300437_2007_USA,2007,USA,NM,34.97273,-105.032363
231,SAMN03300438,USA,NM,NA,USA,SAMN03300438_2007_USA,2007,USA,NM,34.97273,-105.032363
241,SAMN03300440,USA,NM,NA,USA,SAMN03300440_2007_USA,2007,USA,NM,34.97273,-105.032363
242,SAMN03300441,USA,NM,NA,USA,SAMN03300441_2007_USA,2007,USA,NM,34.97273,-105.032363
243,SAMN03300442,USA,NM,NA,USA,SAMN03300442_2007_USA,2007,USA,NM,34.97273,-105.032363
244,SAMN03300443,USA,NM,NA,USA,SAMN03300443_2007_USA,2007,USA,NM,34.97273,-105.032363
245,SAMN03300444,USA,NM,NA,USA,SAMN03300444_2007_USA,2007,USA,NM,34.97273,-105.032363
246,SAMN03300445,USA,NM,NA,USA,SAMN03300445_2007_USA,2007,USA,NM,34.97273,-105.032363
311,SAMN03300199,USA,NM,NA,USA,SAMN03300199_2003_USA,2003,USA,NM,34.97273,-105.032363
326,SAMN03300259,USA,NM,NA,USA,SAMN03300259_2004_USA,2004,USA,NM,34.97273,-105.032363
353,SAMN03300449,USA,NM,NA,USA,SAMN03300449_2008_USA,2008,USA,NM,34.97273,-105.032363
354,SAMN03300450,USA,NM,NA,USA,SAMN03300450_2008_USA,2008,USA,NM,34.97273,-105.032363
355,SAMN03300451,USA,NM,NA,USA,SAMN03300451_2008_USA,2008,USA,NM,34.97273,-105.032363
485,SAMN03300848,USA,NM,NA,USA,SAMN03300848_1996_USA,1996,USA,NM,34.97273,-105.032363
828,SAMN09725611,New Zealand,Oamaru,NA,New Zealand,SAMN09725611_2017_NZ,2017,NZ,Oamaru,-45.0977,170.9707
211,SAMN03300435,USA,OK,NA,USA,SAMN03300435_2007_USA,2007,USA,OK,35.007752,-97.092877
346,SAMN03300403,USA,OK,NA,USA,SAMN03300403_2007_USA,2007,USA,OK,35.007752,-97.092877
479,SAMN08321034,Canada,ON,NA,Canada,SAMN08321034_2002_Canada,2002,Canada,ON,51.2538,-85.3232
688,SAMN09725615,New Zealand,Opunake,NA,New Zealand,SAMN09725615_2009_NZ,2009,NZ,Opunake,-39.4555,173.8619
647,SAMN09725632,New Zealand,Otautau,NA,New Zealand,SAMN09725632_1998_NZ,1998,NZ,Otautau,-46.1353,167.9917
648,SAMN09725633,New Zealand,Otautau,NA,New Zealand,SAMN09725633_1999_NZ,1999,NZ,Otautau,-46.1353,167.9917
651,SAMN09725635,New Zealand,Otautau,NA,New Zealand,SAMN09725635_2001_NZ,2001,NZ,Otautau,-46.1353,167.9917
725,SAMN09725631,New Zealand,Otautau,NA,New Zealand,SAMN09725631_2013_NZ,2013,NZ,Otautau,-46.1353,167.9917
739,SAMN09725634,New Zealand,Otautau,NA,New Zealand,SAMN09725634_2013_NZ,2013,NZ,Otautau,-46.1353,167.9917
783,SAMN09725637,New Zealand,Otira,NA,New Zealand,SAMN09725637_2016_NZ,2016,NZ,Otira,-42.7885,171.6011
790,SAMN09725636,New Zealand,Otira,NA,New Zealand,SAMN09725636_2016_NZ,2016,NZ,Otira,-42.7885,171.6011
686,SAMN09725638,New Zealand,Otorohanga,NA,New Zealand,SAMN09725638_2009_NZ,2009,NZ,Otorohanga,-38.1841,175.2127
810,SAMN09725639,New Zealand,Outram,NA,New Zealand,SAMN09725639_2017_NZ,2017,NZ,Outram,-45.8592,170.2298
908,SAMN03199106,Panama,NA,NA,Panama,SAMN03199106_2013_Panama,2013,Panama,Panama,8.538,-80.7821
909,SAMN03199229,Panama,NA,NA,Panama,SAMN03199229_2013_Panama,2013,Panama,Panama,8.538,-80.7821
910,SAMN03199232,Panama,NA,NA,Panama,SAMN03199232_2013_Panama,2013,Panama,Panama,8.538,-80.7821
666,SAMN09725642,New Zealand,Patea,NA,New Zealand,SAMN09725642_2006_NZ,2006,NZ,Patea,-39.7572,174.4752
658,SAMN09725645,New Zealand,Patetonga,NA,New Zealand,SAMN09725645_2004_NZ,2004,NZ,Patetonga,-37.4002,175.4683
674,SAMN09725644,New Zealand,Patetonga,NA,New Zealand,SAMN09725644_2007_NZ,2007,NZ,Patetonga,-37.4002,175.4683
711,SAMN09725643,New Zealand,Patetonga,NA,New Zealand,SAMN09725643_2011_NZ,2011,NZ,Patetonga,-37.4002,175.4683
650,SAMN09725647,New Zealand,Patoka,NA,New Zealand,SAMN09725647_2000_NZ,2000,NZ,Patoka,-39.347,176.6046
661,SAMN09725648,New Zealand,Patoka,NA,New Zealand,SAMN09725648_2004_NZ,2004,NZ,Patoka,-39.347,176.6046
847,SAMN09725649,New Zealand,Patoka,NA,New Zealand,SAMN09725649_2017_NZ,2017,NZ,Patoka,-39.347,176.6046
804,SAMN09725653,New Zealand,Port Chalmers,NA,New Zealand,SAMN09725653_2016_NZ,2016,NZ,Port Chalmers,-45.8179,170.6187
779,SAMN09725659,New Zealand,Ranfurly,NA,New Zealand,SAMN09725659_2016_NZ,2016,NZ,Ranfurly,-45.1301,170.1004
785,SAMN09725658,New Zealand,Ranfurly,NA,New Zealand,SAMN09725658_2016_NZ,2016,NZ,Ranfurly,-45.1301,170.1004
830,SAMN09725661,New Zealand,Ranfurly,NA,New Zealand,SAMN09725661_2017_NZ,2017,NZ,Ranfurly,-45.1301,170.1004
844,SAMN09725660,New Zealand,Ranfurly,NA,New Zealand,SAMN09725660_2017_NZ,2017,NZ,Ranfurly,-45.1301,170.1004
703,SAMN09725664,New Zealand,Rangiora,NA,New Zealand,SAMN09725664_2010_NZ,2010,NZ,Rangiora,-43.304,172.5905
802,SAMN09725665,New Zealand,Reefton,NA,New Zealand,SAMN09725665_2016_NZ,2016,NZ,Reefton,-42.1194,171.8623
821,SAMN09725668,New Zealand,Reefton,NA,New Zealand,SAMN09725668_2017_NZ,2017,NZ,Reefton,-42.1194,171.8623
831,SAMN09725671,New Zealand,Reefton,NA,New Zealand,SAMN09725671_2017_NZ,2017,NZ,Reefton,-42.1194,171.8623
836,SAMN09725670,New Zealand,Reefton,NA,New Zealand,SAMN09725670_2017_NZ,2017,NZ,Reefton,-42.1194,171.8623
837,SAMN09725669,New Zealand,Reefton,NA,New Zealand,SAMN09725669_2017_NZ,2017,NZ,Reefton,-42.1194,171.8623
755,SAMN09725673,New Zealand,Ross,NA,New Zealand,SAMN09725673_2014_NZ,2014,NZ,Ross,-42.8928,170.8111
835,SAMN09725676,New Zealand,Runanga,NA,New Zealand,SAMN09725676_2017_NZ,2017,NZ,Runanga,-42.4028,171.2463
848,SAMN09725677,New Zealand,Runanga,NA,New Zealand,SAMN09725677_2018_NZ,2018,NZ,Runanga,-42.4028,171.2463
13,SAMN03300604,USA,SD,NA,USA,SAMN03300604_2010_USA,2010,USA,SD,43.969515,-99.901813
166,SAMN03300426,USA,SD,NA,USA,SAMN03300426_2007_USA,2007,USA,SD,43.969515,-99.901813
204,SAMN03300598,USA,SD,NA,USA,SAMN03300598_2009_USA,2009,USA,SD,43.969515,-99.901813
240,SAMN03300392,USA,SD,NA,USA,SAMN03300392_2006_USA,2006,USA,SD,43.969515,-99.901813
388,SAMN03300677,USA,SD,NA,USA,SAMN03300677_2012_USA,2012,USA,SD,43.969515,-99.901813
390,SAMN03300679,USA,SD,NA,USA,SAMN03300679_2012_USA,2012,USA,SD,43.969515,-99.901813
391,SAMN03300680,USA,SD,NA,USA,SAMN03300680_2012_USA,2012,USA,SD,43.969515,-99.901813
683,SAMN14447197,Spain,NA,NA,Spain,SAMN14447197_2008_Spain,2008,Spain,Spain,40.4637,-3.7492
684,SAMN14447196,Spain,NA,NA,Spain,SAMN14447196_2008_Spain,2008,Spain,Spain,40.4637,-3.7492
685,SAMN14447192,Spain,NA,NA,Spain,SAMN14447192_2008_Spain,2008,Spain,Spain,40.4637,-3.7492
697,SAMN14447194,Spain,NA,NA,Spain,SAMN14447194_2009_Spain,2009,Spain,Spain,40.4637,-3.7492
698,SAMN14447190,Spain,NA,NA,Spain,SAMN14447190_2009_Spain,2009,Spain,Spain,40.4637,-3.7492
710,SAMN14447203,Spain,NA,NA,Spain,SAMN14447203_2010_Spain,2010,Spain,Spain,40.4637,-3.7492
717,SAMN14447207,Spain,NA,NA,Spain,SAMN14447207_2011_Spain,2011,Spain,Spain,40.4637,-3.7492
718,SAMN14447206,Spain,NA,NA,Spain,SAMN14447206_2011_Spain,2011,Spain,Spain,40.4637,-3.7492
719,SAMN14447204,Spain,NA,NA,Spain,SAMN14447204_2011_Spain,2011,Spain,Spain,40.4637,-3.7492
724,SAMN14447211,Spain,NA,NA,Spain,SAMN14447211_2012_Spain,2012,Spain,Spain,40.4637,-3.7492
752,SAMN14447210,Spain,NA,NA,Spain,SAMN14447210_2013_Spain,2013,Spain,Spain,40.4637,-3.7492
759,SAMN14447216,Spain,NA,NA,Spain,SAMN14447216_2014_Spain,2014,Spain,Spain,40.4637,-3.7492
760,SAMN14447213,Spain,NA,NA,Spain,SAMN14447213_2014_Spain,2014,Spain,Spain,40.4637,-3.7492
761,SAMN14447212,Spain,NA,NA,Spain,SAMN14447212_2014_Spain,2014,Spain,Spain,40.4637,-3.7492
805,SAMN14447214,Spain,NA,NA,Spain,SAMN14447214_2016_Spain,2016,Spain,Spain,40.4637,-3.7492
649,SAMN09725696,New Zealand,Taihape,NA,New Zealand,SAMN09725696_1999_NZ,1999,NZ,Taihape,-39.6762,175.7983
653,SAMN09725698,New Zealand,Tapuni,NA,New Zealand,SAMN09725698_2002_NZ,2002,NZ,Tapuni,-45.9433,169.2616
700,SAMN09725699,New Zealand,Taramakau,NA,New Zealand,SAMN09725699_2010_NZ,2010,NZ,Taramakau,-42.34,171.08
646,SAMN09725716,New Zealand,Te Aroha,NA,New Zealand,SAMN09725716_1994_NZ,1994,NZ,Te Aroha,-37.5432,175.7123
727,SAMN09725717,New Zealand,Te Aroha,NA,New Zealand,SAMN09725717_2013_NZ,2013,NZ,Te Aroha,-37.5432,175.7123
734,SAMN09725719,New Zealand,Te Aroha,NA,New Zealand,SAMN09725719_2013_NZ,2013,NZ,Te Aroha,-37.5432,175.7123
738,SAMN09725718,New Zealand,Te Aroha,NA,New Zealand,SAMN09725718_2013_NZ,2013,NZ,Te Aroha,-37.5432,175.7123
662,SAMN09725722,New Zealand,Te Pohue,NA,New Zealand,SAMN09725722_2004_NZ,2004,NZ,Te Pohue,-39.2505,176.6829
754,SAMN09725727,New Zealand,Teviot,NA,New Zealand,SAMN09725727_2014_NZ,2014,NZ,Teviot,-45.6101,169.3664
501,SAMN06856054,Mexico,Baja California\,Tijuana,Mexico,SAMN06856054_2015_Mexico,2015,Mexico,Tijuana,32.522499,-117.046623
502,SAMN06856055,Mexico,Baja California\,Tijuana,Mexico,SAMN06856055_2015_Mexico,2015,Mexico,Tijuana,32.522499,-117.046623
503,SAMN06856053,Mexico,Baja California\,Tijuana,Mexico,SAMN06856053_2015_Mexico,2015,Mexico,Tijuana,32.522499,-117.046623
504,SAMN06856050,Mexico,Baja California\,Tijuana,Mexico,SAMN06856050_2015_Mexico,2015,Mexico,Tijuana,32.522499,-117.046623
505,SAMN06856051,Mexico,Baja California\,Tijuana,Mexico,SAMN06856051_2015_Mexico,2015,Mexico,Tijuana,32.522499,-117.046623
506,SAMN06856048,Mexico,Baja California\,Tijuana,Mexico,SAMN06856048_2015_Mexico,2015,Mexico,Tijuana,32.522499,-117.046623
507,SAMN06856049,Mexico,Baja California\,Tijuana,Mexico,SAMN06856049_2015_Mexico,2015,Mexico,Tijuana,32.522499,-117.046623
508,SAMN06856046,Mexico,Baja California\,Tijuana,Mexico,SAMN06856046_2015_Mexico,2015,Mexico,Tijuana,32.522499,-117.046623
509,SAMN06856047,Mexico,Baja California\,Tijuana,Mexico,SAMN06856047_2015_Mexico,2015,Mexico,Tijuana,32.522499,-117.046623
515,SAMN06856045,Mexico,Baja California\,Tijuana,Mexico,SAMN06856045_2015_Mexico,2015,Mexico,Tijuana,32.522499,-117.046623
517,SAMN06856041,Mexico,Baja California\,Tijuana,Mexico,SAMN06856041_2015_Mexico,2015,Mexico,Tijuana,32.522499,-117.046623
518,SAMN06856040,Mexico,Baja California\,Tijuana,Mexico,SAMN06856040_2015_Mexico,2015,Mexico,Tijuana,32.522499,-117.046623
519,SAMN06856042,Mexico,Baja California\,Tijuana,Mexico,SAMN06856042_2015_Mexico,2015,Mexico,Tijuana,32.522499,-117.046623
520,SAMN06856037,Mexico,Baja California\,Tijuana,Mexico,SAMN06856037_2015_Mexico,2015,Mexico,Tijuana,32.522499,-117.046623
521,SAMN06856039,Mexico,Baja California\,Tijuana,Mexico,SAMN06856039_2015_Mexico,2015,Mexico,Tijuana,32.522499,-117.046623
522,SAMN06856038,Mexico,Baja California\,Tijuana,Mexico,SAMN06856038_2015_Mexico,2015,Mexico,Tijuana,32.522499,-117.046623
534,SAMN06856066,Mexico,Baja California\,Tijuana,Mexico,SAMN06856066_2015_Mexico,2015,Mexico,Tijuana,32.522499,-117.046623
535,SAMN06856067,Mexico,Baja California\,Tijuana,Mexico,SAMN06856067_2015_Mexico,2015,Mexico,Tijuana,32.522499,-117.046623
536,SAMN06856068,Mexico,Baja California\,Tijuana,Mexico,SAMN06856068_2015_Mexico,2015,Mexico,Tijuana,32.522499,-117.046623
537,SAMN06856069,Mexico,Baja California\,Tijuana,Mexico,SAMN06856069_2015_Mexico,2015,Mexico,Tijuana,32.522499,-117.046623
538,SAMN06856070,Mexico,Baja California\,Tijuana,Mexico,SAMN06856070_2015_Mexico,2015,Mexico,Tijuana,32.522499,-117.046623
555,SAMN06856060,Mexico,Baja California\,Tijuana,Mexico,SAMN06856060_2015_Mexico,2015,Mexico,Tijuana,32.522499,-117.046623
556,SAMN06856058,Mexico,Baja California\,Tijuana,Mexico,SAMN06856058_2015_Mexico,2015,Mexico,Tijuana,32.522499,-117.046623
557,SAMN06856065,Mexico,Baja California\,Tijuana,Mexico,SAMN06856065_2015_Mexico,2015,Mexico,Tijuana,32.522499,-117.046623
592,SAMN06856030,Mexico,Baja California\,Tijuana,Mexico,SAMN06856030_2015_Mexico,2015,Mexico,Tijuana,32.522499,-117.046623
593,SAMN06856031,Mexico,Baja California\,Tijuana,Mexico,SAMN06856031_2015_Mexico,2015,Mexico,Tijuana,32.522499,-117.046623
594,SAMN06856032,Mexico,Baja California\,Tijuana,Mexico,SAMN06856032_2015_Mexico,2015,Mexico,Tijuana,32.522499,-117.046623
595,SAMN06856033,Mexico,Baja California\,Tijuana,Mexico,SAMN06856033_2015_Mexico,2015,Mexico,Tijuana,32.522499,-117.046623
596,SAMN06856026,Mexico,Baja California\,Tijuana,Mexico,SAMN06856026_2015_Mexico,2015,Mexico,Tijuana,32.522499,-117.046623
597,SAMN06856027,Mexico,Baja California\,Tijuana,Mexico,SAMN06856027_2015_Mexico,2015,Mexico,Tijuana,32.522499,-117.046623
598,SAMN06856034,Mexico,Baja California\,Tijuana,Mexico,SAMN06856034_2015_Mexico,2015,Mexico,Tijuana,32.522499,-117.046623
599,SAMN06856035,Mexico,Baja California\,Tijuana,Mexico,SAMN06856035_2015_Mexico,2015,Mexico,Tijuana,32.522499,-117.046623
614,SAMN06856025,Mexico,Baja California\,Tijuana,Mexico,SAMN06856025_2015_Mexico,2015,Mexico,Tijuana,32.522499,-117.046623
737,SAMN09725733,New Zealand,Timaru,NA,New Zealand,SAMN09725733_2013_NZ,2013,NZ,Timaru,-44.3903,171.2373
665,SAMN09725736,New Zealand,Turangi,NA,New Zealand,SAMN09725736_2006_NZ,2006,NZ,Turangi,-38.9962,175.8049
8,SAMN03300264,USA,TX,NA,USA,SAMN03300264_2004_USA,2004,USA,TX,31.968599,-99.901813
14,SAMN03300151,USA,TX,NA,USA,SAMN03300151_2002_USA,2002,USA,TX,31.968599,-99.901813
69,SAMN03300480,USA,TX,NA,USA,SAMN03300480_2008_USA,2008,USA,TX,31.968599,-99.901813
77,SAMN03300092,USA,TX,NA,USA,SAMN03300092_2001_USA,2001,USA,TX,31.968599,-99.901813
98,SAMN03300243,USA,TX,NA,USA,SAMN03300243_2003_USA,2003,USA,TX,31.968599,-99.901813
102,SAMN03300552,USA,TX,NA,USA,SAMN03300552_2009_USA,2009,USA,TX,31.968599,-99.901813
103,SAMN03300553,USA,TX,NA,USA,SAMN03300553_2009_USA,2009,USA,TX,31.968599,-99.901813
105,SAMN03300696,USA,TX,NA,USA,SAMN03300696_2012_USA,2012,USA,TX,31.968599,-99.901813
106,SAMN03300697,USA,TX,NA,USA,SAMN03300697_2012_USA,2012,USA,TX,31.968599,-99.901813
107,SAMN03300699,USA,TX,NA,USA,SAMN03300699_2012_USA,2012,USA,TX,31.968599,-99.901813
112,SAMN03300554,USA,TX,NA,USA,SAMN03300554_2009_USA,2009,USA,TX,31.968599,-99.901813
113,SAMN03300556,USA,TX,NA,USA,SAMN03300556_2009_USA,2009,USA,TX,31.968599,-99.901813
157,SAMN03300112,USA,TX,NA,USA,SAMN03300112_2001_USA,2001,USA,TX,31.968599,-99.901813
279,SAMN03300055,USA,TX,NA,USA,SAMN03300055_2000_USA,2000,USA,TX,31.968599,-99.901813
294,SAMN03300127,USA,TX,NA,USA,SAMN03300127_2002_USA,2002,USA,TX,31.968599,-99.901813
319,SAMN03300217,USA,TX,NA,USA,SAMN03300217_2003_USA,2003,USA,TX,31.968599,-99.901813
462,SAMN03300801,USA,TX,NA,USA,SAMN03300801_2013_USA,2013,USA,TX,31.968599,-99.901813
482,SAMN03300835,USA,TX,NA,USA,SAMN03300835_1991_USA,1991,USA,TX,31.968599,-99.901813
484,SAMN03300843,USA,TX,NA,USA,SAMN03300843_1994_USA,1994,USA,TX,31.968599,-99.901813
486,SAMN03300849,USA,TX,NA,USA,SAMN03300849_1996_USA,1996,USA,TX,31.968599,-99.901813
645,SAMN09725654,United Kingdom,NA,NA,United Kingdom,SAMN09725654_1948_UK,1948,UK,United Kingdom,55.3781,-3.436
466,SAMN03300806,USA,UT,NA,USA,SAMN03300806_2013_USA,2013,USA,UT,39.32098,-111.093731
396,SAMN03300713,USA,WA,NA,USA,SAMN03300713_2013_USA,2013,USA,WA,47.751074,-120.740139
772,SAMN09725755,New Zealand,Waikato,NA,New Zealand,SAMN09725755_2016_NZ,2016,NZ,Waikato,-37.6191,175.0233
780,SAMN09725760,New Zealand,Waikato,NA,New Zealand,SAMN09725760_2016_NZ,2016,NZ,Waikato,-37.6191,175.0233
784,SAMN09725754,New Zealand,Waikato,NA,New Zealand,SAMN09725754_2016_NZ,2016,NZ,Waikato,-37.6191,175.0233
788,SAMN09725762,New Zealand,Waikato,NA,New Zealand,SAMN09725762_2016_NZ,2016,NZ,Waikato,-37.6191,175.0233
791,SAMN09725753,New Zealand,Waikato,NA,New Zealand,SAMN09725753_2016_NZ,2016,NZ,Waikato,-37.6191,175.0233
795,SAMN09725761,New Zealand,Waikato,NA,New Zealand,SAMN09725761_2016_NZ,2016,NZ,Waikato,-37.6191,175.0233
797,SAMN09725764,New Zealand,Waikato,NA,New Zealand,SAMN09725764_2016_NZ,2016,NZ,Waikato,-37.6191,175.0233
799,SAMN09725757,New Zealand,Waikato,NA,New Zealand,SAMN09725757_2016_NZ,2016,NZ,Waikato,-37.6191,175.0233
800,SAMN09725756,New Zealand,Waikato,NA,New Zealand,SAMN09725756_2016_NZ,2016,NZ,Waikato,-37.6191,175.0233
701,SAMN09725766,New Zealand,Waikouaiti,NA,New Zealand,SAMN09725766_2010_NZ,2010,NZ,Waikouaiti,-45.5955,170.6708
762,SAMN09725769,New Zealand,Wainuiomata,NA,New Zealand,SAMN09725769_2015_NZ,2015,NZ,Wainuiomata,-41.2624,174.9469
815,SAMN09725773,New Zealand,Waipawa,NA,New Zealand,SAMN09725773_2017_NZ,2017,NZ,Waipawa,-39.9416,176.5896
814,SAMN09725782,New Zealand,Waitati,NA,New Zealand,SAMN09725782_2017_NZ,2017,NZ,Waitati,-45.7467,170.5688
818,SAMN09725783,New Zealand,Waitati,NA,New Zealand,SAMN09725783_2017_NZ,2017,NZ,Waitati,-45.7467,170.5688
681,SAMN09725787,New Zealand,Waiuku,NA,New Zealand,SAMN09725787_2008_NZ,2008,NZ,Waiuku,-37.2578,174.7336
726,SAMN09725786,New Zealand,Waiuku,NA,New Zealand,SAMN09725786_2013_NZ,2013,NZ,Waiuku,-37.2578,174.7336
733,SAMN09725789,New Zealand,Waiuku,NA,New Zealand,SAMN09725789_2013_NZ,2013,NZ,Waiuku,-37.2578,174.7336
735,SAMN09725788,New Zealand,Waiuku,NA,New Zealand,SAMN09725788_2013_NZ,2013,NZ,Waiuku,-37.2578,174.7336
720,SAMN09725791,New Zealand,Wanaka,NA,New Zealand,SAMN09725791_2012_NZ,2012,NZ,Wanaka,-44.6943,169.1417
777,SAMN09725792,New Zealand,Wanaka,NA,New Zealand,SAMN09725792_2016_NZ,2016,NZ,Wanaka,-44.6943,169.1417
775,SAMN09725812,New Zealand,Westport,NA,New Zealand,SAMN09725812_2016_NZ,2016,NZ,Westport,-41.7669,171.5928
803,SAMN09725809,New Zealand,Westport,NA,New Zealand,SAMN09725809_2016_NZ,2016,NZ,Westport,-41.7669,171.5928
807,SAMN09725819,New Zealand,Westport,NA,New Zealand,SAMN09725819_2017_NZ,2017,NZ,Westport,-41.7669,171.5928
809,SAMN09725815,New Zealand,Westport,NA,New Zealand,SAMN09725815_2017_NZ,2017,NZ,Westport,-41.7669,171.5928
812,SAMN09725814,New Zealand,Westport,NA,New Zealand,SAMN09725814_2017_NZ,2017,NZ,Westport,-41.7669,171.5928
823,SAMN09725813,New Zealand,Westport,NA,New Zealand,SAMN09725813_2017_NZ,2017,NZ,Westport,-41.7669,171.5928
827,SAMN09725823,New Zealand,Westport,NA,New Zealand,SAMN09725823_2017_NZ,2017,NZ,Westport,-41.7669,171.5928
834,SAMN09725818,New Zealand,Westport,NA,New Zealand,SAMN09725818_2017_NZ,2017,NZ,Westport,-41.7669,171.5928
843,SAMN09725816,New Zealand,Westport,NA,New Zealand,SAMN09725816_2017_NZ,2017,NZ,Westport,-41.7669,171.5928
845,SAMN09725817,New Zealand,Westport,NA,New Zealand,SAMN09725817_2017_NZ,2017,NZ,Westport,-41.7669,171.5928
659,SAMN09725827,New Zealand,Whataroa,NA,New Zealand,SAMN09725827_2004_NZ,2004,NZ,Whataroa,-43.2616,170.359
660,SAMN09725828,New Zealand,Whataroa,NA,New Zealand,SAMN09725828_2004_NZ,2004,NZ,Whataroa,-43.2616,170.359
699,SAMN09725833,New Zealand,Whataroa,NA,New Zealand,SAMN09725833_2010_NZ,2010,NZ,Whataroa,-43.2616,170.359
705,SAMN09725831,New Zealand,Whataroa,NA,New Zealand,SAMN09725831_2010_NZ,2010,NZ,Whataroa,-43.2616,170.359
706,SAMN09725830,New Zealand,Whataroa,NA,New Zealand,SAMN09725830_2010_NZ,2010,NZ,Whataroa,-43.2616,170.359
707,SAMN09725829,New Zealand,Whataroa,NA,New Zealand,SAMN09725829_2010_NZ,2010,NZ,Whataroa,-43.2616,170.359
839,SAMN09725832,New Zealand,Whataroa,NA,New Zealand,SAMN09725832_2017_NZ,2017,NZ,Whataroa,-43.2616,170.359
469,SAMN03300813,USA,WI,NA,USA,SAMN03300813_2014_USA,2014,USA,WI,43.78444,-88.787868
721,SAMN09725836,New Zealand,Wiakouaiti,NA,New Zealand,SAMN09725836_2012_NZ,2012,NZ,Wiakouaiti,-45.5955,170.6708
652,SAMN09725837,New Zealand,Winton,NA,New Zealand,SAMN09725837_2001_NZ,2001,NZ,Winton,-46.1251,168.3222