"","first.names","start","end","node"
"aac","aac",1,38,"""internal_1609->internal_1611"""
"accA1_1","accA1_1",2468,2508,"""internal_1589->internal_1590"""
"accA1_1.1","accA1_1",2468,2508,"""internal_1588->internal_1589"""
"aroC","aroC",83545,83591,"""internal_909->SAMN09725717_assembled"""
"aroC.1","aroC",83545,83591,"""internal_908->internal_909"""
"atpA","atpA",98882,98918,"""internal_944->SAMN10966137_assembled"""
"bauC","bauC",107897,108515,"""internal_1610->SAMN03300796_assembled"""
"bmr3","bmr3",128391,128716,"""internal_1093->SAMN03300143_assembled"""
"bmr3.1","bmr3",128391,128716,"""internal_1445->SAMN03300753_assembled"""
"bmr3.2","bmr3",128391,128716,"""internal_1553->SAMN03300104_assembled"""
"bpa","bpa",128759,128961,"""internal_1643->SAMN03300802_assembled"""
"cobB_2","cobB_2",177348,177402,"""internal_1008->internal_1010"""
"crt_2","crt_2",194339,194598,"""internal_1658->SAMN14447211_assembled"""
"ctpV","ctpV",212475,213496,"""internal_877->SAMN10966126_assembled"""
"ctpV.1","ctpV",213465,213495,"""internal_1589->internal_1590"""
"ctpV.2","ctpV",213465,213495,"""internal_1588->internal_1589"""
"cut3_2","cut3_2",215663,215804,"""internal_1091->SAMN03300275_assembled"""
"cut3_2.1","cut3_2",215663,215804,"""internal_1087->internal_1091"""
"cut3_2.2","cut3_2",215674,215803,"""internal_1091->SAMN03300703_assembled"""
"dhaA_2~~~ephB_1","dhaA_2~~~ephB_1",264585,264605,"""internal_1156->internal_1157"""
"dnaN","dnaN",299192,299281,"""internal_944->SAMN10966137_assembled"""
"esxT","esxT",376602,376617,"""internal_960->SAMN03300061_assembled"""
"esxT.1","esxT",376602,376617,"""internal_959->internal_960"""
"fprB","fprB",427646,427716,"""internal_1671->SAMN03300480_assembled"""
"fprB.1","fprB",427646,427716,"""internal_1670->internal_1671"""
"glyA1","glyA1",497454,497718,"""internal_1539->SAMN03300800_assembled"""
"group_61","group_61",550046,550196,"""internal_868->SAMN08321029_assembled"""
"group_61.1","group_61",550046,550196,"""internal_873->SAMN03300058_assembled"""
"group_61.2","group_61",550046,550196,"""internal_876->SAMN10966051_assembled"""
"group_61.3","group_61",550046,550196,"""internal_889->internal_890"""
"group_61.4","group_61",550046,550196,"""internal_893->SAMN09725598_assembled"""
"group_61.5","group_61",550046,550196,"""internal_887->SAMN09725648_assembled"""
"group_61.6","group_61",550046,550196,"""internal_895->SAMN09725716_assembled"""
"group_61.7","group_61",550046,550196,"""internal_901->internal_903"""
"group_61.8","group_61",550046,550196,"""internal_898->SAMN09725373_assembled"""
"group_61.9","group_61",550046,550196,"""internal_907->internal_908"""
"group_61.10","group_61",550046,550196,"""internal_916->internal_917"""
"group_61.11","group_61",550046,550196,"""internal_915->SAMN09725761_assembled"""
"group_61.12","group_61",550046,550196,"""internal_897->internal_904"""
"group_61.13","group_61",550046,550196,"""internal_883->SAMN09725736_assembled"""
"group_61.14","group_61",550046,550196,"""internal_925->SAMN03300328_assembled"""
"group_61.15","group_61",550046,550196,"""internal_923->SAMN03300295_assembled"""
"group_61.16","group_61",550046,550196,"""internal_928->SAMN10966106_assembled"""
"group_61.17","group_61",550046,550196,"""internal_927->SAMN10966065_assembled"""
"group_61.18","group_61",550046,550196,"""internal_931->SAMN10966111_assembled"""
"group_61.19","group_61",550046,550196,"""internal_937->SAMN10966096_assembled"""
"group_61.20","group_61",550046,550196,"""internal_936->SAMN10966121_assembled"""
"group_61.21","group_61",550046,550196,"""internal_944->SAMN10966137_assembled"""
"group_61.22","group_61",550046,550196,"""internal_951->SAMN10966087_assembled"""
"group_61.23","group_61",550046,550196,"""internal_930->internal_932"""
"group_61.24","group_61",550046,550196,"""internal_870->internal_874"""
"group_61.25","group_61",550046,550196,"""internal_958->SAMN03300457_assembled"""
"group_61.26","group_61",550046,550196,"""internal_964->SAMN03300090_assembled"""
"group_61.27","group_61",550046,550196,"""internal_956->SAMN03300119_assembled"""
"group_61.28","group_61",550046,550196,"""internal_971->SAMN14336435_assembled"""
"group_61.29","group_61",550046,550196,"""internal_973->SAMN03300667_assembled"""
"group_61.30","group_61",550046,550196,"""internal_980->SAMN03300253_assembled"""
"group_61.31","group_61",550046,550196,"""internal_992->internal_993"""
"group_61.32","group_61",550046,550196,"""internal_978->internal_979"""
"group_61.33","group_61",550046,550196,"""internal_1004->SAMN03300087_assembled"""
"group_61.34","group_61",550046,550196,"""internal_1005->SAMN03300388_assembled"""
"group_61.35","group_61",550046,550196,"""internal_1009->SAMN14336446_assembled"""
"group_61.36","group_61",550046,550196,"""internal_1021->SAMN03300450_assembled"""
"group_61.37","group_61",550046,550196,"""internal_1014->internal_1015"""
"group_61.38","group_61",550046,550196,"""internal_1010->internal_1011"""
"group_61.39","group_61",550046,550196,"""internal_1028->SAMN08321046_assembled"""
"group_61.40","group_61",550046,550196,"""internal_1027->SAMN03300149_assembled"""
"group_61.41","group_61",550046,550196,"""internal_1032->SAMN03300646_assembled"""
"group_61.42","group_61",550046,550196,"""internal_1038->SAMN03300106_assembled"""
"group_61.43","group_61",550046,550196,"""internal_1048->SAMN03300244_assembled"""
"group_61.44","group_61",550046,550196,"""internal_1045->SAMN03300235_assembled"""
"group_61.45","group_61",550046,550196,"""internal_1053->SAMN03300742_assembled"""
"group_61.46","group_61",550046,550196,"""internal_1057->SAMN03300680_assembled"""
"group_61.47","group_61",550046,550196,"""internal_1059->internal_1062"""
"group_61.48","group_61",550046,550196,"""internal_1065->SAMN03300711_assembled"""
"group_61.49","group_61",550046,550196,"""internal_1067->SAMN03300204_assembled"""
"group_61.50","group_61",550046,550196,"""internal_1063->SAMN03300113_assembled"""
"group_61.51","group_61",550046,550196,"""internal_1072->SAMN03300516_assembled"""
"group_61.52","group_61",550046,550196,"""internal_1090->SAMN03300374_assembled"""
"group_61.53","group_61",550046,550196,"""internal_1088->SAMN03300251_assembled"""
"group_61.54","group_61",550046,550196,"""internal_1094->SAMN03300243_assembled"""
"group_61.55","group_61",550046,550196,"""internal_1124->SAMN03300448_assembled"""
"group_61.56","group_61",550046,550196,"""internal_1129->internal_1130"""
"group_61.57","group_61",550046,550196,"""internal_1113->internal_1114"""
"group_61.58","group_61",550046,550196,"""internal_1105->internal_1106"""
"group_61.59","group_61",550046,550196,"""internal_1102->SAMN03300356_assembled"""
"group_61.60","group_61",550046,550196,"""internal_1149->SAMN03300556_assembled"""
"group_61.61","group_61",550046,550196,"""internal_1150->SAMN03300553_assembled"""
"group_61.62","group_61",550046,550196,"""internal_1145->SAMN03300663_assembled"""
"group_61.63","group_61",550046,550196,"""internal_1153->SAMN03300641_assembled"""
"group_61.64","group_61",550046,550196,"""internal_1143->SAMN03300286_assembled"""
"group_61.65","group_61",550046,550196,"""internal_1158->SAMN03300167_assembled"""
"group_61.66","group_61",550046,550196,"""internal_1169->SAMN09725611_assembled"""
"group_61.67","group_61",550046,550196,"""internal_1168->SAMN09725658_assembled"""
"group_61.68","group_61",550046,550196,"""internal_1163->SAMN09725660_assembled"""
"group_61.69","group_61",550046,550196,"""internal_1171->SAMN09725791_assembled"""
"group_61.70","group_61",550046,550196,"""internal_1177->internal_1178"""
"group_61.71","group_61",550046,550196,"""internal_1174->SAMN09725782_assembled"""
"group_61.72","group_61",550046,550196,"""internal_1172->internal_1173"""
"group_61.73","group_61",550046,550196,"""internal_1194->SAMN09725426_assembled"""
"group_61.74","group_61",550046,550196,"""internal_1193->SAMN09725528_assembled"""
"group_61.75","group_61",550046,550196,"""internal_1198->internal_1199"""
"group_61.76","group_61",550046,550196,"""internal_1195->internal_1196"""
"group_61.77","group_61",550046,550196,"""internal_1205->SAMN09725429_assembled"""
"group_61.78","group_61",550046,550196,"""internal_1204->internal_1205"""
"group_61.79","group_61",550046,550196,"""internal_1211->SAMN09725636_assembled"""
"group_61.80","group_61",550046,550196,"""internal_1210->internal_1211"""
"group_61.81","group_61",550046,550196,"""internal_1219->SAMN09725816_assembled"""
"group_61.82","group_61",550046,550196,"""internal_1218->SAMN09725817_assembled"""
"group_61.83","group_61",550046,550196,"""internal_1222->SAMN09725473_assembled"""
"group_61.84","group_61",550046,550196,"""internal_1224->internal_1227"""
"group_61.85","group_61",550046,550196,"""internal_1233->SAMN09725459_assembled"""
"group_61.86","group_61",550046,550196,"""internal_1234->SAMN09725408_assembled"""
"group_61.87","group_61",550046,550196,"""internal_1229->SAMN09725615_assembled"""
"group_61.88","group_61",550046,550196,"""internal_1238->SAMN09725391_assembled"""
"group_61.89","group_61",550046,550196,"""internal_1243->SAMN09725831_assembled"""
"group_61.90","group_61",550046,550196,"""internal_1250->SAMN09725668_assembled"""
"group_61.91","group_61",550046,550196,"""internal_1249->internal_1251"""
"group_61.92","group_61",550046,550196,"""internal_1254->SAMN09725818_assembled"""
"group_61.93","group_61",550046,550196,"""internal_1245->SAMN09725669_assembled"""
"group_61.94","group_61",550046,550196,"""internal_1258->SAMN09725827_assembled"""
"group_61.95","group_61",550046,550196,"""internal_1261->SAMN09725574_assembled"""
"group_61.96","group_61",550046,550196,"""internal_1270->SAMN09725383_assembled"""
"group_61.97","group_61",550046,550196,"""internal_1268->SAMN09725485_assembled"""
"group_61.98","group_61",550046,550196,"""internal_1286->SAMN09725664_assembled"""
"group_61.99","group_61",550046,550196,"""internal_1285->internal_1286"""
"group_61.100","group_61",550046,550196,"""internal_1282->SAMN06252148_assembled"""
"group_61.101","group_61",550046,550196,"""internal_1289->SAMN06252141_assembled"""
"group_61.102","group_61",550046,550196,"""internal_1288->SAMN06252259_assembled"""
"group_61.103","group_61",550046,550196,"""internal_1279->SAMN06252116_assembled"""
"group_61.104","group_61",550046,550196,"""internal_1290->SAMN06252151_assembled"""
"group_61.105","group_61",550046,550196,"""internal_1292->internal_1293"""
"group_61.106","group_61",550046,550196,"""internal_1296->SAMN09725633_assembled"""
"group_61.107","group_61",550046,550196,"""internal_1299->SAMN06856055_assembled"""
"group_61.108","group_61",550046,550196,"""internal_1298->internal_1299"""
"group_61.109","group_61",550046,550196,"""internal_1333->SAMN06855991_assembled"""
"group_61.110","group_61",550046,550196,"""internal_1366->SAMN03300859_assembled"""
"group_61.111","group_61",550046,550196,"""internal_1461->SAMN03300828_assembled"""
"group_61.112","group_61",550046,550196,"""internal_1548->SAMN06855923_assembled"""
"group_61.113","group_61",550046,550196,"""internal_1582->internal_1583"""
"group_61.114","group_61",550046,550196,"""internal_1588->internal_1589"""
"group_61.115","group_61",550046,550196,"""internal_1595->SAMN03300634_assembled"""
"group_61.116","group_61",550046,550196,"""internal_1600->SAMN03300626_assembled"""
"group_61.117","group_61",550046,550196,"""internal_1599->SAMN03300636_assembled"""
"group_61.118","group_61",550046,550196,"""internal_1601->SAMN03300612_assembled"""
"group_61.119","group_61",550046,550196,"""internal_1592->SAMN03300359_assembled"""
"group_61.120","group_61",550046,550196,"""internal_1604->SAMN03300701_assembled"""
"group_61.121","group_61",550046,550196,"""internal_1608->SAMN03300668_assembled"""
"group_61.122","group_61",550046,550196,"""internal_1602->internal_1605"""
"group_61.123","group_61",550046,550196,"""internal_1610->SAMN03300796_assembled"""
"group_61.124","group_61",550046,550196,"""internal_1612->SAMN03199229_assembled"""
"group_61.125","group_61",550046,550196,"""internal_1611->internal_1612"""
"group_61.126","group_61",550046,550196,"""internal_1580->internal_1581"""
"group_61.127","group_61",550046,550196,"""internal_853->internal_854"""
"group_61.128","group_61",550046,550196,"""internal_1625->SAMN09812400_assembled"""
"group_61.129","group_61",550046,550196,"""internal_1616->SAMN03300843_assembled"""
"group_61.130","group_61",550046,550196,"""internal_1629->SAMN09812446_assembled"""
"group_61.131","group_61",550046,550196,"""internal_1641->SAMN03300651_assembled"""
"group_61.132","group_61",550046,550196,"""internal_1643->SAMN03300802_assembled"""
"group_61.133","group_61",550046,550196,"""internal_1652->SAMN14336433_assembled"""
"group_61.134","group_61",550046,550196,"""internal_1655->SAMN14447192_assembled"""
"group_61.135","group_61",550046,550196,"""internal_1654->SAMN14447204_assembled"""
"group_61.136","group_61",550046,550196,"""internal_1668->SAMN03300529_assembled"""
"group_61.137","group_61",550046,550196,"""internal_1664->internal_1665"""
"group_61.138","group_61",550046,550196,"""internal_1672->SAMN03300551_assembled"""
"group_61.139","group_61",550046,550196,"""internal_1671->SAMN03300480_assembled"""
"group_61.140","group_61",550046,550196,"""internal_1676->internal_1677"""
"group_61.141","group_61",550046,550196,"""internal_1678->SAMN03300467_assembled"""
"group_61.142","group_61",550046,550196,"""internal_1685->SAMN14447194_assembled"""
"group_61.143","group_61",550046,550196,"""internal_1692->SAMN03300238_assembled"""
"group_61.144","group_61",550046,550196,"""internal_1688->SAMN06856017_assembled"""
"group_61.145","group_61",550046,550196,"""internal_852->SAMN03300807_assembled"""
"group_61.146","group_61",550046,550196,"""internal_1696->SAMN09812424_assembled"""
"group_61.147","group_61",550046,550196,"""internal_1630->SAMN09812427_assembled"""
"group_61.148","group_61",550046,550195,"""internal_1091->SAMN03300703_assembled"""
"group_61.149","group_61",550046,550195,"""internal_1087->internal_1091"""
"group_61.150","group_61",550046,550195,"""internal_1109->SAMN03300293_assembled"""
"group_61.151","group_61",550046,550195,"""internal_1132->internal_1133"""
"group_61.152","group_61",550046,550195,"""internal_1183->SAMN03300128_assembled"""
"group_61.153","group_61",550046,550195,"""internal_1182->internal_1183"""
"group_61.154","group_61",550046,550195,"""internal_1300->internal_1580"""
"group_61.155","group_61",550046,550195,"""internal_1179->internal_1300"""
"group_61.156","group_61",550046,550188,"""internal_858->SAMN09812433_assembled"""
"group_61.157","group_61",550046,550188,"""internal_962->internal_963"""
"group_61.158","group_61",550046,550188,"""internal_961->internal_962"""
"group_61.159","group_61",550046,550188,"""internal_1084->SAMN03300140_assembled"""
"group_61.160","group_61",550046,550188,"""internal_1083->internal_1084"""
"group_61.161","group_61",550046,550188,"""internal_1140->SAMN03300394_assembled"""
"group_61.162","group_61",550046,550188,"""internal_1139->internal_1140"""
"group_61.163","group_61",550046,550188,"""internal_1181->internal_1182"""
"group_61.164","group_61",550046,550188,"""internal_1180->internal_1181"""
"group_61.165","group_61",550046,550188,"""internal_1632->SAMN03300426_assembled"""
"group_61.166","group_61",550046,550188,"""internal_1631->internal_1632"""
"group_61.167","group_61",550046,550187,"""internal_1086->internal_1087"""
"group_61.168","group_61",550046,550187,"""internal_1000->internal_1086"""
"group_61.169","group_61",550047,550196,"""internal_858->internal_859"""
"group_61.170","group_61",550047,550196,"""internal_854->internal_858"""
"group_61.171","group_61",550047,550196,"""internal_962->SAMN03300274_assembled"""
"group_61.172","group_61",550047,550196,"""internal_1084->SAMN03300144_assembled"""
"group_61.173","group_61",550047,550196,"""internal_1086->SAMN03300527_assembled"""
"group_61.174","group_61",550047,550196,"""internal_1140->SAMN03300285_assembled"""
"group_61.175","group_61",550047,550196,"""internal_1181->SAMN09725654_assembled"""
"group_61.176","group_61",550047,550196,"""internal_1632->SAMN03288261_assembled"""
"group_61.177","group_61",550048,550196,"""internal_1091->SAMN03300275_assembled"""
"group_61.178","group_61",550048,550196,"""internal_1109->SAMN03300343_assembled"""
"group_61.179","group_61",550048,550196,"""internal_1108->internal_1109"""
"group_61.180","group_61",550048,550196,"""internal_1132->SAMN03300537_assembled"""
"group_61.181","group_61",550048,550196,"""internal_1125->internal_1132"""
"group_61.182","group_61",550048,550196,"""internal_1183->SAMN03300135_assembled"""
"group_61.183","group_61",550048,550196,"""internal_1300->internal_1301"""
"group_61.184","group_61",550056,550174,"""internal_1218->internal_1219"""
"group_61.185","group_61",550056,550174,"""internal_1217->internal_1218"""
"group_61.186","group_61",550056,550145,"""internal_1671->internal_1672"""
"group_61.187","group_61",550056,550145,"""internal_1670->internal_1671"""
"group_61.188","group_61",550172,550197,"""internal_1667->SAMN03300317_assembled"""
"group_77","group_77",557066,557226,"""internal_1215->SAMN09725676_assembled"""
"group_86","group_86",560158,560394,"""internal_1394->SAMN03300076_assembled"""
"group_112","group_112",575440,575524,"""internal_1049->SAMN03300671_assembled"""
"group_112.1","group_112",575440,575524,"""internal_1246->SAMN09725823_assembled"""
"group_112.2","group_112",575440,575524,"""internal_1411->SAMN03300732_assembled"""
"group_112.3","group_112",575440,575524,"""internal_1566->SAMN03300690_assembled"""
"group_119","group_119",579264,579276,"""internal_1102->SAMN03300356_assembled"""
"group_119.1","group_119",579264,579276,"""internal_1101->internal_1102"""
"group_203","group_203",624462,624871,"""internal_866->internal_867"""
"group_203.1","group_203",624462,624871,"""internal_1636->internal_1637"""
"group_228","group_228",634717,634999,"""internal_1345->SAMN03300246_assembled"""
"group_228.1","group_228",634717,634999,"""internal_1627->SAMN09812436_assembled"""
"group_228.2","group_228",634717,634999,"""internal_1614->internal_1627"""
"group_228.3","group_228",634719,634997,"""internal_1627->internal_1628"""
"group_250","group_250",653503,653866,"""internal_1553->SAMN03300104_assembled"""
"group_295","group_295",683311,683919,"""internal_1302->SAMN03300852_assembled"""
"group_323","group_323",699345,699389,"""internal_1323->SAMN06855938_assembled"""
"group_367","group_367",717442,717784,"""internal_1540->SAMN06856053_assembled"""
"group_368","group_368",717785,717791,"""internal_1302->SAMN03300852_assembled"""
"group_446","group_446",748431,748946,"""internal_905->SAMN09725787_assembled"""
"group_506","group_506",778740,778774,"""internal_936->SAMN10966121_assembled"""
"group_542","group_542",800228,800399,"""internal_1180->internal_1184"""
"group_548","group_548",803355,803711,"""internal_1286->SAMN09725664_assembled"""
"group_562","group_562",809704,809754,"""internal_1624->SAMN09812439_assembled"""
"group_583","group_583",821568,821592,"""internal_1472->internal_1473"""
"group_583.1","group_583",821568,821592,"""internal_1471->internal_1472"""
"group_652","group_652",847799,848001,"""internal_1136->SAMN03300180_assembled"""
"group_652.1","group_652",847799,848001,"""internal_1104->internal_1136"""
"group_652.2","group_652",847800,848004,"""internal_1136->SAMN03300639_assembled"""
"group_653","group_653",848009,848249,"""internal_1624->SAMN09812439_assembled"""
"group_701","group_701",868701,868809,"""internal_1075->SAMN03300092_assembled"""
"group_848","group_848",929189,929292,"""internal_1439->SAMN03300733_assembled"""
"group_923","group_923",954837,955088,"""internal_1685->SAMN14447194_assembled"""
"group_941","group_941",964243,964337,"""internal_1424->SAMN03300743_assembled"""
"group_947","group_947",966212,966354,"""internal_941->SAMN10966095_assembled"""
"group_953","group_953",968714,968728,"""internal_1102->SAMN03300356_assembled"""
"group_953.1","group_953",968714,968728,"""internal_1101->internal_1102"""
"group_972","group_972",977912,978133,"""internal_880->SAMN14447206_assembled"""
"group_1043","group_1043",1010159,1010187,"""internal_1208->internal_1209"""
"group_1048","group_1048",1014930,1014973,"""internal_1211->SAMN09725636_assembled"""
"group_1050","group_1050",1014980,1015218,"""internal_1020->SAMN03300440_assembled"""
"group_1061","group_1061",1021161,1021323,"""internal_1042->SAMN03300125_assembled"""
"group_1102","group_1102",1035962,1036100,"""internal_1612->SAMN03199229_assembled"""
"group_1139","group_1139",1049460,1050229,"""internal_973->SAMN03300667_assembled"""
"group_1139.1","group_1139",1049460,1050229,"""internal_1411->SAMN03300732_assembled"""
"group_1139.2","group_1139",1049460,1050229,"""internal_1464->SAMN03300749_assembled"""
"group_1159","group_1159",1056476,1056513,"""internal_1591->SAMN03300259_assembled"""
"group_1189","group_1189",1066713,1066916,"""internal_1314->SAMN06855980_assembled"""
"group_1238","group_1238",1080982,1080993,"""internal_1612->SAMN03199229_assembled"""
"group_1326","group_1326",1112759,1113125,"""internal_1173->SAMN09725766_assembled"""
"group_1326.1","group_1326",1112759,1112962,"""internal_1177->internal_1178"""
"group_1326.2","group_1326",1112759,1112962,"""internal_1175->SAMN09725836_assembled"""
"group_1326.3","group_1326",1112933,1113125,"""internal_1343->SAMN06855981_assembled"""
"group_1332","group_1332",1112759,1113125,"""internal_1173->SAMN09725766_assembled"""
"group_1332.1","group_1332",1112933,1113125,"""internal_1343->SAMN06855981_assembled"""
"group_1332.2","group_1332",1112965,1113125,"""internal_859->SAMN14447213_assembled"""
"group_1332.3","group_1332",1112965,1113125,"""internal_864->SAMN09725837_assembled"""
"group_1332.4","group_1332",1112965,1113125,"""internal_863->SAMN06252312_assembled"""
"group_1332.5","group_1332",1112965,1113125,"""internal_872->internal_873"""
"group_1332.6","group_1332",1112965,1113125,"""internal_877->SAMN10966126_assembled"""
"group_1332.7","group_1332",1112965,1113125,"""internal_876->SAMN10966051_assembled"""
"group_1332.8","group_1332",1112965,1113125,"""internal_882->SAMN09725644_assembled"""
"group_1332.9","group_1332",1112965,1113125,"""internal_889->internal_890"""
"group_1332.10","group_1332",1112965,1113125,"""internal_892->internal_893"""
"group_1332.11","group_1332",1112965,1113125,"""internal_887->SAMN09725648_assembled"""
"group_1332.12","group_1332",1112965,1113125,"""internal_909->SAMN09725717_assembled"""
"group_1332.13","group_1332",1112965,1113125,"""internal_912->SAMN09725789_assembled"""
"group_1332.14","group_1332",1112965,1113125,"""internal_906->SAMN09725571_assembled"""
"group_1332.15","group_1332",1112965,1113125,"""internal_919->SAMN09725762_assembled"""
"group_1332.16","group_1332",1112965,1113125,"""internal_897->internal_904"""
"group_1332.17","group_1332",1112965,1113125,"""internal_896->SAMN09725554_assembled"""
"group_1332.18","group_1332",1112965,1113125,"""internal_881->internal_883"""
"group_1332.19","group_1332",1112965,1113125,"""internal_925->SAMN03300328_assembled"""
"group_1332.20","group_1332",1112965,1113125,"""internal_931->SAMN10966111_assembled"""
"group_1332.21","group_1332",1112965,1113125,"""internal_947->SAMN10966133_assembled"""
"group_1332.22","group_1332",1112965,1113125,"""internal_949->SAMN10966054_assembled"""
"group_1332.23","group_1332",1112965,1113125,"""internal_943->internal_948"""
"group_1332.24","group_1332",1112965,1113125,"""internal_939->internal_943"""
"group_1332.25","group_1332",1112965,1113125,"""internal_950->SAMN10966062_assembled"""
"group_1332.26","group_1332",1112965,1113125,"""internal_932->internal_933"""
"group_1332.27","group_1332",1112965,1113125,"""internal_958->SAMN03300457_assembled"""
"group_1332.28","group_1332",1112965,1113125,"""internal_964->SAMN03300090_assembled"""
"group_1332.29","group_1332",1112965,1113125,"""internal_962->SAMN03300274_assembled"""
"group_1332.30","group_1332",1112965,1113125,"""internal_965->SAMN03300053_assembled"""
"group_1332.31","group_1332",1112965,1113125,"""internal_961->internal_962"""
"group_1332.32","group_1332",1112965,1113125,"""internal_966->SAMN03300136_assembled"""
"group_1332.33","group_1332",1112965,1113125,"""internal_956->SAMN03300119_assembled"""
"group_1332.34","group_1332",1112965,1113125,"""internal_975->internal_976"""
"group_1332.35","group_1332",1112965,1113125,"""internal_980->SAMN03300253_assembled"""
"group_1332.36","group_1332",1112965,1113125,"""internal_985->SAMN03300207_assembled"""
"group_1332.37","group_1332",1112965,1113125,"""internal_986->SAMN03300725_assembled"""
"group_1332.38","group_1332",1112965,1113125,"""internal_995->internal_996"""
"group_1332.39","group_1332",1112965,1113125,"""internal_998->SAMN03300718_assembled"""
"group_1332.40","group_1332",1112965,1113125,"""internal_997->SAMN03300729_assembled"""
"group_1332.41","group_1332",1112965,1113125,"""internal_977->internal_978"""
"group_1332.42","group_1332",1112965,1113125,"""internal_972->internal_974"""
"group_1332.43","group_1332",1112965,1113125,"""internal_970->internal_972"""
"group_1332.44","group_1332",1112965,1113125,"""internal_1003->internal_1005"""
"group_1332.45","group_1332",1112965,1113125,"""internal_1018->internal_1019"""
"group_1332.46","group_1332",1112965,1113125,"""internal_1023->SAMN03300315_assembled"""
"group_1332.47","group_1332",1112965,1113125,"""internal_1022->SAMN03300437_assembled"""
"group_1332.48","group_1332",1112965,1113125,"""internal_1012->SAMN03300444_assembled"""
"group_1332.49","group_1332",1112965,1113125,"""internal_1008->internal_1010"""
"group_1332.50","group_1332",1112965,1113125,"""internal_1007->SAMN03300282_assembled"""
"group_1332.51","group_1332",1112965,1113125,"""internal_1027->SAMN03300149_assembled"""
"group_1332.52","group_1332",1112965,1113125,"""internal_1029->internal_1030"""
"group_1332.53","group_1332",1112965,1113125,"""internal_1025->internal_1029"""
"group_1332.54","group_1332",1112965,1113125,"""internal_1033->SAMN03300127_assembled"""
"group_1332.55","group_1332",1112965,1113125,"""internal_1031->SAMN03300371_assembled"""
"group_1332.56","group_1332",1112965,1113125,"""internal_1024->internal_1025"""
"group_1332.57","group_1332",1112965,1113125,"""internal_1043->SAMN03300780_assembled"""
"group_1332.58","group_1332",1112965,1113125,"""internal_1047->internal_1048"""
"group_1332.59","group_1332",1112965,1113125,"""internal_1045->SAMN03300235_assembled"""
"group_1332.60","group_1332",1112965,1113125,"""internal_1040->internal_1044"""
"group_1332.61","group_1332",1112965,1113125,"""internal_1053->SAMN03300742_assembled"""
"group_1332.62","group_1332",1112965,1113125,"""internal_1060->SAMN03300272_assembled"""
"group_1332.63","group_1332",1112965,1113125,"""internal_1062->SAMN03300277_assembled"""
"group_1332.64","group_1332",1112965,1113125,"""internal_1064->internal_1065"""
"group_1332.65","group_1332",1112965,1113125,"""internal_1063->SAMN03300113_assembled"""
"group_1332.66","group_1332",1112965,1113125,"""internal_1071->internal_1072"""
"group_1332.67","group_1332",1112965,1113125,"""internal_1081->SAMN03300209_assembled"""
"group_1332.68","group_1332",1112965,1113125,"""internal_1077->SAMN03300191_assembled"""
"group_1332.69","group_1332",1112965,1113125,"""internal_1075->SAMN03300092_assembled"""
"group_1332.70","group_1332",1112965,1113125,"""internal_1084->SAMN03300144_assembled"""
"group_1332.71","group_1332",1112965,1113125,"""internal_1085->SAMN03300141_assembled"""
"group_1332.72","group_1332",1112965,1113125,"""internal_1083->internal_1084"""
"group_1332.73","group_1332",1112965,1113125,"""internal_1089->SAMN03300248_assembled"""
"group_1332.74","group_1332",1112965,1113125,"""internal_1086->SAMN03300527_assembled"""
"group_1332.75","group_1332",1112965,1113125,"""internal_999->SAMN03300261_assembled"""
"group_1332.76","group_1332",1112965,1113125,"""internal_1094->SAMN03300243_assembled"""
"group_1332.77","group_1332",1112965,1113125,"""internal_1093->SAMN03300143_assembled"""
"group_1332.78","group_1332",1112965,1113125,"""internal_1096->SAMN03300222_assembled"""
"group_1332.79","group_1332",1112965,1113125,"""internal_1095->SAMN03300110_assembled"""
"group_1332.80","group_1332",1112965,1113125,"""internal_1109->SAMN03300293_assembled"""
"group_1332.81","group_1332",1112965,1113125,"""internal_1108->internal_1109"""
"group_1332.82","group_1332",1112965,1113125,"""internal_1111->SAMN03300473_assembled"""
"group_1332.83","group_1332",1112965,1113125,"""internal_1115->SAMN03300352_assembled"""
"group_1332.84","group_1332",1112965,1113125,"""internal_1122->SAMN03300458_assembled"""
"group_1332.85","group_1332",1112965,1113125,"""internal_1118->internal_1119"""
"group_1332.86","group_1332",1112965,1113125,"""internal_1131->SAMN03300524_assembled"""
"group_1332.87","group_1332",1112965,1113125,"""internal_1126->internal_1127"""
"group_1332.88","group_1332",1112965,1113125,"""internal_1133->SAMN03300525_assembled"""
"group_1332.89","group_1332",1112965,1113125,"""internal_1132->internal_1133"""
"group_1332.90","group_1332",1112965,1113125,"""internal_1125->internal_1132"""
"group_1332.91","group_1332",1112965,1113125,"""internal_1112->SAMN03300338_assembled"""
"group_1332.92","group_1332",1112965,1113125,"""internal_1106->SAMN03300354_assembled"""
"group_1332.93","group_1332",1112965,1113125,"""internal_1136->SAMN03300639_assembled"""
"group_1332.94","group_1332",1112965,1113125,"""internal_1104->internal_1136"""
"group_1332.95","group_1332",1112965,1113125,"""internal_1137->SAMN03300409_assembled"""
"group_1332.96","group_1332",1112965,1113125,"""internal_1102->SAMN03300356_assembled"""
"group_1332.97","group_1332",1112965,1113125,"""internal_1140->SAMN03300285_assembled"""
"group_1332.98","group_1332",1112965,1113125,"""internal_1149->SAMN03300556_assembled"""
"group_1332.99","group_1332",1112965,1113125,"""internal_1150->SAMN03300553_assembled"""
"group_1332.100","group_1332",1112965,1113125,"""internal_1147->SAMN03300665_assembled"""
"group_1332.101","group_1332",1112965,1113125,"""internal_1145->SAMN03300663_assembled"""
"group_1332.102","group_1332",1112965,1113125,"""internal_1154->SAMN03300314_assembled"""
"group_1332.103","group_1332",1112965,1113125,"""internal_1143->SAMN03300286_assembled"""
"group_1332.104","group_1332",1112965,1113125,"""internal_1142->SAMN03300805_assembled"""
"group_1332.105","group_1332",1112965,1113125,"""internal_1139->internal_1140"""
"group_1332.106","group_1332",1112965,1113125,"""internal_1155->SAMN03300378_assembled"""
"group_1332.107","group_1332",1112965,1113125,"""internal_1157->SAMN03300424_assembled"""
"group_1332.108","group_1332",1112965,1113125,"""internal_1159->SAMN03300120_assembled"""
"group_1332.109","group_1332",1112965,1113125,"""internal_1158->SAMN03300167_assembled"""
"group_1332.110","group_1332",1112965,1113125,"""internal_1168->SAMN09725658_assembled"""
"group_1332.111","group_1332",1112965,1113125,"""internal_1163->SAMN09725660_assembled"""
"group_1332.112","group_1332",1112965,1113125,"""internal_1174->SAMN09725782_assembled"""
"group_1332.113","group_1332",1112965,1113125,"""internal_1183->SAMN03300135_assembled"""
"group_1332.114","group_1332",1112965,1113125,"""internal_1182->internal_1183"""
"group_1332.115","group_1332",1112965,1113125,"""internal_1205->SAMN09725429_assembled"""
"group_1332.116","group_1332",1112965,1113125,"""internal_1204->internal_1205"""
"group_1332.117","group_1332",1112965,1113125,"""internal_1213->SAMN06252254_assembled"""
"group_1332.118","group_1332",1112965,1113125,"""internal_1223->SAMN09725510_assembled"""
"group_1332.119","group_1332",1112965,1113125,"""internal_1226->SAMN09725509_assembled"""
"group_1332.120","group_1332",1112965,1113125,"""internal_1258->SAMN09725827_assembled"""
"group_1332.121","group_1332",1112965,1113125,"""internal_1259->internal_1261"""
"group_1332.122","group_1332",1112965,1113125,"""internal_1265->internal_1266"""
"group_1332.123","group_1332",1112965,1113125,"""internal_1270->SAMN09725383_assembled"""
"group_1332.124","group_1332",1112965,1113125,"""internal_1268->SAMN09725485_assembled"""
"group_1332.125","group_1332",1112965,1113125,"""internal_1278->SAMN06252091_assembled"""
"group_1332.126","group_1332",1112965,1113125,"""internal_1277->SAMN06252306_assembled"""
"group_1332.127","group_1332",1112965,1113125,"""internal_1286->SAMN09725664_assembled"""
"group_1332.128","group_1332",1112965,1113125,"""internal_1284->SAMN09725388_assembled"""
"group_1332.129","group_1332",1112965,1113125,"""internal_1280->internal_1281"""
"group_1332.130","group_1332",1112965,1113125,"""internal_1279->SAMN06252116_assembled"""
"group_1332.131","group_1332",1112965,1113125,"""internal_1319->SAMN06855992_assembled"""
"group_1332.132","group_1332",1112965,1113125,"""internal_1325->internal_1326"""
"group_1332.133","group_1332",1112965,1113125,"""internal_1324->SAMN06855947_assembled"""
"group_1332.134","group_1332",1112965,1113125,"""internal_1322->SAMN06855968_assembled"""
"group_1332.135","group_1332",1112965,1113125,"""internal_1320->SAMN06855971_assembled"""
"group_1332.136","group_1332",1112965,1113125,"""internal_1327->SAMN06855960_assembled"""
"group_1332.137","group_1332",1112965,1113125,"""internal_1306->SAMN06856069_assembled"""
"group_1332.138","group_1332",1112965,1113125,"""internal_1335->SAMN06855985_assembled"""
"group_1332.139","group_1332",1112965,1113125,"""internal_1339->internal_1340"""
"group_1332.140","group_1332",1112965,1113125,"""internal_1345->SAMN03300246_assembled"""
"group_1332.141","group_1332",1112965,1113125,"""internal_1352->internal_1353"""
"group_1332.142","group_1332",1112965,1113125,"""internal_1359->SAMN03300614_assembled"""
"group_1332.143","group_1332",1112965,1113125,"""internal_1358->SAMN03300613_assembled"""
"group_1332.144","group_1332",1112965,1113125,"""internal_1363->SAMN03300630_assembled"""
"group_1332.145","group_1332",1112965,1113125,"""internal_1356->internal_1360"""
"group_1332.146","group_1332",1112965,1113125,"""internal_1355->SAMN03300260_assembled"""
"group_1332.147","group_1332",1112965,1113125,"""internal_1349->SAMN03300133_assembled"""
"group_1332.148","group_1332",1112965,1113125,"""internal_1371->SAMN03300408_assembled"""
"group_1332.149","group_1332",1112965,1113125,"""internal_1388->SAMN03300096_assembled"""
"group_1332.150","group_1332",1112965,1113125,"""internal_1393->SAMN03300649_assembled"""
"group_1332.151","group_1332",1112965,1113125,"""internal_1390->SAMN03300161_assembled"""
"group_1332.152","group_1332",1112965,1113125,"""internal_1385->internal_1394"""
"group_1332.153","group_1332",1112965,1113125,"""internal_1384->SAMN03300077_assembled"""
"group_1332.154","group_1332",1112965,1113125,"""internal_1395->SAMN03300175_assembled"""
"group_1332.155","group_1332",1112965,1113125,"""internal_1383->internal_1395"""
"group_1332.156","group_1332",1112965,1113125,"""internal_1397->SAMN03300710_assembled"""
"group_1332.157","group_1332",1112965,1113125,"""internal_1396->SAMN03300709_assembled"""
"group_1332.158","group_1332",1112965,1113125,"""internal_1430->SAMN03300731_assembled"""
"group_1332.159","group_1332",1112965,1113125,"""internal_1419->internal_1427"""
"group_1332.160","group_1332",1112965,1113125,"""internal_1404->internal_1451"""
"group_1332.161","group_1332",1112965,1113125,"""internal_1462->SAMN03300770_assembled"""
"group_1332.162","group_1332",1112965,1113125,"""internal_1401->internal_1402"""
"group_1332.163","group_1332",1112965,1113125,"""internal_1464->SAMN03300749_assembled"""
"group_1332.164","group_1332",1112965,1113125,"""internal_1398->internal_1399"""
"group_1332.165","group_1332",1112965,1113125,"""internal_1468->internal_1469"""
"group_1332.166","group_1332",1112965,1113125,"""internal_1467->SAMN03300074_assembled"""
"group_1332.167","group_1332",1112965,1113125,"""internal_1367->internal_1368"""
"group_1332.168","group_1332",1112965,1113125,"""internal_1365->internal_1366"""
"group_1332.169","group_1332",1112965,1113125,"""internal_1347->SAMN03199232_assembled"""
"group_1332.170","group_1332",1112965,1113125,"""internal_1473->SAMN06856007_assembled"""
"group_1332.171","group_1332",1112965,1113125,"""internal_1482->SAMN06856041_assembled"""
"group_1332.172","group_1332",1112965,1113125,"""internal_1486->internal_1488"""
"group_1332.173","group_1332",1112965,1113125,"""internal_1492->SAMN06855927_assembled"""
"group_1332.174","group_1332",1112965,1113125,"""internal_1497->SAMN06856058_assembled"""
"group_1332.175","group_1332",1112965,1113125,"""internal_1503->SAMN06855919_assembled"""
"group_1332.176","group_1332",1112965,1113125,"""internal_1507->SAMN06855967_assembled"""
"group_1332.177","group_1332",1112965,1113125,"""internal_1501->SAMN06856068_assembled"""
"group_1332.178","group_1332",1112965,1113125,"""internal_1522->SAMN06855990_assembled"""
"group_1332.179","group_1332",1112965,1113125,"""internal_1525->SAMN06856051_assembled"""
"group_1332.180","group_1332",1112965,1113125,"""internal_1529->SAMN06855917_assembled"""
"group_1332.181","group_1332",1112965,1113125,"""internal_1530->SAMN06856038_assembled"""
"group_1332.182","group_1332",1112965,1113125,"""internal_1531->SAMN06856039_assembled"""
"group_1332.183","group_1332",1112965,1113125,"""internal_1536->SAMN06856005_assembled"""
"group_1332.184","group_1332",1112965,1113125,"""internal_1539->SAMN03300800_assembled"""
"group_1332.185","group_1332",1112965,1113125,"""internal_1538->SAMN06855932_assembled"""
"group_1332.186","group_1332",1112965,1113125,"""internal_1546->SAMN06855950_assembled"""
"group_1332.187","group_1332",1112965,1113125,"""internal_1542->internal_1543"""
"group_1332.188","group_1332",1112965,1113125,"""internal_1302->SAMN03300852_assembled"""
"group_1332.189","group_1332",1112965,1113125,"""internal_1553->SAMN03300104_assembled"""
"group_1332.190","group_1332",1112965,1113125,"""internal_1556->SAMN03300118_assembled"""
"group_1332.191","group_1332",1112965,1113125,"""internal_1568->internal_1569"""
"group_1332.192","group_1332",1112965,1113125,"""internal_1563->internal_1564"""
"group_1332.193","group_1332",1112965,1113125,"""internal_1560->SAMN06855916_assembled"""
"group_1332.194","group_1332",1112965,1113125,"""internal_1573->internal_1577"""
"group_1332.195","group_1332",1112965,1113125,"""internal_1572->internal_1573"""
"group_1332.196","group_1332",1112965,1113125,"""internal_1559->internal_1572"""
"group_1332.197","group_1332",1112965,1113125,"""internal_1557->internal_1579"""
"group_1332.198","group_1332",1112965,1113125,"""internal_1583->SAMN03300404_assembled"""
"group_1332.199","group_1332",1112965,1113125,"""internal_1589->SAMN03300236_assembled"""
"group_1332.200","group_1332",1112965,1113125,"""internal_1588->internal_1589"""
"group_1332.201","group_1332",1112965,1113125,"""internal_1586->internal_1591"""
"group_1332.202","group_1332",1112965,1113125,"""internal_1601->SAMN03300612_assembled"""
"group_1332.203","group_1332",1112965,1113125,"""internal_1596->internal_1597"""
"group_1332.204","group_1332",1112965,1113125,"""internal_1592->SAMN03300359_assembled"""
"group_1332.205","group_1332",1112965,1113125,"""internal_1604->SAMN03300701_assembled"""
"group_1332.206","group_1332",1112965,1113125,"""internal_1610->SAMN03300796_assembled"""
"group_1332.207","group_1332",1112965,1113125,"""internal_1611->internal_1612"""
"group_1332.208","group_1332",1112965,1113125,"""internal_1616->SAMN03300843_assembled"""
"group_1332.209","group_1332",1112965,1113125,"""internal_1626->SAMN09812399_assembled"""
"group_1332.210","group_1332",1112965,1113125,"""internal_1632->SAMN03288261_assembled"""
"group_1332.211","group_1332",1112965,1113125,"""internal_1631->internal_1632"""
"group_1332.212","group_1332",1112970,1113123,"""internal_1589->internal_1590"""
"group_1332.213","group_1332",1112970,1113121,"""internal_972->internal_973"""
"group_1332.214","group_1332",1112970,1113121,"""internal_1183->SAMN03300128_assembled"""
"group_1332.215","group_1332",1112970,1113121,"""internal_1395->SAMN03300183_assembled"""
"group_1332.216","group_1332",1112970,1113121,"""internal_1572->SAMN03300801_assembled"""
"group_1332.217","group_1332",1112971,1113115,"""internal_1277->internal_1278"""
"group_1332.218","group_1332",1112971,1113115,"""internal_1276->internal_1277"""
"group_1332.219","group_1332",1112971,1113115,"""internal_1279->internal_1280"""
"group_1332.220","group_1332",1112971,1113115,"""internal_1275->internal_1279"""
"group_1332.221","group_1332",1112973,1113121,"""internal_962->internal_963"""
"group_1332.222","group_1332",1112973,1113121,"""internal_1025->internal_1026"""
"group_1332.223","group_1332",1112973,1113121,"""internal_1084->SAMN03300140_assembled"""
"group_1332.224","group_1332",1112973,1113121,"""internal_1109->SAMN03300343_assembled"""
"group_1332.225","group_1332",1112973,1113121,"""internal_1132->SAMN03300537_assembled"""
"group_1332.226","group_1332",1112973,1113121,"""internal_1136->SAMN03300180_assembled"""
"group_1332.227","group_1332",1112973,1113121,"""internal_1140->SAMN03300394_assembled"""
"group_1332.228","group_1332",1112973,1113121,"""internal_1632->SAMN03300426_assembled"""
"group_1333","group_1333",1113128,1113430,"""internal_1620->SAMN09812393_assembled"""
"group_1349","group_1349",1120995,1121673,"""internal_944->SAMN10966137_assembled"""
"group_1376","group_1376",1133320,1133482,"""internal_1541->SAMN06855929_assembled"""
"group_1379","group_1379",1133837,1133876,"""internal_929->SAMN10966069_assembled"""
"group_1385","group_1385",1136190,1136222,"""internal_1446->SAMN04386747_assembled"""
"group_1386","group_1386",1136518,1136621,"""internal_956->SAMN03300119_assembled"""
"group_1388","group_1388",1137259,1137285,"""internal_909->SAMN09725717_assembled"""
"group_1388.1","group_1388",1137259,1137285,"""internal_908->internal_909"""
"group_1413","group_1413",1147206,1147251,"""internal_1662->SAMN03300767_assembled"""
"group_1444","group_1444",1158800,1158844,"""internal_1099->SAMN03300530_assembled"""
"group_1461","group_1461",1162089,1162167,"""internal_1635->SAMN14447197_assembled"""
"group_1479","group_1479",1172839,1172868,"""internal_1161->SAMN09725539_assembled"""
"group_1486","group_1486",1175290,1175629,"""internal_943->internal_948"""
"group_1496","group_1496",1180016,1180027,"""internal_947->SAMN10966133_assembled"""
"group_1496.1","group_1496",1180016,1180027,"""internal_946->internal_947"""
"group_1509","group_1509",1183350,1183469,"""internal_1627->SAMN09812436_assembled"""
"group_1509.1","group_1509",1183351,1183476,"""internal_1627->internal_1628"""
"group_1509.2","group_1509",1183351,1183476,"""internal_1614->internal_1627"""
"group_1515","group_1515",1186886,1186894,"""internal_943->internal_948"""
"group_1516","group_1516",1187114,1187145,"""internal_1155->SAMN03300378_assembled"""
"group_1516.1","group_1516",1187114,1187145,"""internal_1138->internal_1155"""
"group_1527","group_1527",1189384,1189398,"""internal_881->internal_883"""
"group_1527.1","group_1527",1189384,1189398,"""internal_879->internal_881"""
"group_1528","group_1528",1189866,1189881,"""internal_1069->internal_1082"""
"group_1632","group_1632",1220595,1220631,"""internal_1671->SAMN03300480_assembled"""
"group_1632.1","group_1632",1220595,1220631,"""internal_1670->internal_1671"""
"group_1634","group_1634",1220839,1220938,"""internal_1277->SAMN06252306_assembled"""
"group_2192","group_2192",1487050,1487058,"""internal_1697->SAMN14447207_assembled"""
"group_2192.1","group_2192",1487050,1487056,"""internal_1696->internal_1697"""
"group_2212","group_2212",1499704,1499728,"""internal_858->internal_859"""
"group_2324","group_2324",1548695,1548791,"""internal_1612->SAMN03199229_assembled"""
"higA1","higA1",1585400,1585439,"""internal_1235->SAMN09725398_assembled"""
"higA2_1","higA2_1",1585716,1585761,"""internal_1308->internal_1329"""
"hycD","hycD",1610089,1610114,"""internal_1615->internal_1626"""
"kdpD","kdpD",1647705,1647817,"""internal_880->SAMN14447206_assembled"""
"lppO","lppO",1705267,1705459,"""internal_1073->SAMN03300098_assembled"""
"mmpL8_2","mmpL8_2",1813995,1814648,"""internal_1045->SAMN03300235_assembled"""
"mtnP","mtnP",1853301,1853470,"""internal_873->SAMN03300058_assembled"""
"mtnP.1","mtnP",1853301,1853470,"""internal_1131->SAMN03300524_assembled"""
"mtnP.2","mtnP",1853301,1853470,"""internal_1395->SAMN03300183_assembled"""
"mtnP.3","mtnP",1853301,1853470,"""internal_1383->internal_1395"""
"mtnP.4","mtnP",1853301,1853470,"""internal_1598->SAMN03300633_assembled"""
"mtnP.5","mtnP",1853309,1853461,"""internal_1395->SAMN03300175_assembled"""
"mycP4","mycP4",1877398,1877532,"""internal_1625->SAMN09812400_assembled"""
"narX_1","narX_1",1895386,1895437,"""internal_981->internal_982"""
"nnr","nnr",1909284,1909653,"""internal_1221->SAMN09725434_assembled"""
"pcaA","pcaA",1960984,1961417,"""internal_1561->SAMN03300670_assembled"""
"pgsA","pgsA",1982339,1982384,"""internal_873->SAMN03300058_assembled"""
"pgsA.1","pgsA",1982339,1982384,"""internal_872->internal_873"""
"pks1_2~~~pks1_3","pks1_2~~~pks1_3",1996352,1996425,"""internal_1181->SAMN09725654_assembled"""
"pks1_2~~~pks1_3.1","pks1_2~~~pks1_3",1996352,1996385,"""internal_859->SAMN14447213_assembled"""
"pks1_2~~~pks1_3.2","pks1_2~~~pks1_3",1996352,1996385,"""internal_1053->SAMN03300742_assembled"""
"pks1_2~~~pks1_3.3","pks1_2~~~pks1_3",1996506,1996620,"""internal_856->SAMN09812466_assembled"""
"pks1_2~~~pks1_3.4","pks1_2~~~pks1_3",1996564,1996735,"""internal_870->internal_874"""
"pstP","pstP",2046523,2047125,"""internal_921->SAMN09725760_assembled"""
"pstP.1","pstP",2046523,2047125,"""internal_1178->SAMN09725579_assembled"""
"pstP.2","pstP",2046523,2047125,"""internal_1205->SAMN09725429_assembled"""
"pstP.3","pstP",2046523,2047125,"""internal_1211->SAMN09725636_assembled"""
"pstP.4","pstP",2046523,2047125,"""internal_1212->SAMN09725533_assembled"""
"pstP.5","pstP",2046523,2047125,"""internal_1299->SAMN06856055_assembled"""
"pstP.6","pstP",2046523,2047125,"""internal_1313->SAMN06856011_assembled"""
"pstP.7","pstP",2046523,2047125,"""internal_1328->SAMN06856060_assembled"""
"pstP.8","pstP",2046523,2047125,"""internal_1340->SAMN06855941_assembled"""
"pstP.9","pstP",2046523,2047125,"""internal_1448->SAMN04386736_assembled"""
"pstP.10","pstP",2046523,2047125,"""internal_1461->SAMN03300828_assembled"""
"pstP.11","pstP",2046523,2047125,"""internal_1654->SAMN14447204_assembled"""
"pstP.12","pstP",2046523,2047125,"""internal_1656->SAMN14447203_assembled"""
"pstP.13","pstP",2046523,2047125,"""internal_1691->SAMN06856015_assembled"""
"pstP.14","pstP",2046523,2047125,"""internal_1686->SAMN14447196_assembled"""
"rpoA","rpoA",2158709,2158745,"""internal_1698->SAMN03300151_assembled"""
"rutD_1","rutD_1",2186944,2187017,"""internal_1612->SAMN03199229_assembled"""
"sugA","sugA",2246814,2246829,"""internal_1612->SAMN03199229_assembled"""
"tatC","tatC",2256159,2256177,"""internal_946->SAMN10966134_assembled"""
"tcrX_2","tcrX_2",2257385,2257408,"""internal_870->internal_874"""
"tcrX_2.1","tcrX_2",2257385,2257408,"""internal_869->internal_870"""
"tesE","tesE",2266276,2266674,"""internal_1562->SAMN03300685_assembled"""
"ugpB","ugpB",2317046,2317051,"""internal_1638->internal_1639"""
"whiB7","whiB7",2345556,2345562,"""internal_1685->SAMN14447194_assembled"""
"whiB7.1","whiB7",2345556,2345562,"""internal_1684->internal_1685"""
"zur","zur",2378821,2378845,"""internal_1183->SAMN03300128_assembled"""
